-- users

INSERT INTO `users` (`id`, `first_name`, `last_name`, `email`, `phone`, `created_at`, `updated_at`) VALUES (1, 'Gage', 'Langworth', 'jeffry06@example.net', '+94(4)0193664405', '2002-03-20 11:46:42', '1998-05-13 20:48:02');
INSERT INTO `users` (`id`, `first_name`, `last_name`, `email`, `phone`, `created_at`, `updated_at`) VALUES (2, 'Hester', 'Gleason', 'larkin.bill@example.org', '1-238-963-0909', '1985-09-01 23:03:17', '1978-10-13 08:44:23');
INSERT INTO `users` (`id`, `first_name`, `last_name`, `email`, `phone`, `created_at`, `updated_at`) VALUES (3, 'Broderick', 'Jakubowski', 'nannie.johnson@example.net', '657-831-4921x84749', '2018-01-16 23:29:59', '2009-06-27 18:43:42');
INSERT INTO `users` (`id`, `first_name`, `last_name`, `email`, `phone`, `created_at`, `updated_at`) VALUES (4, 'Robbie', 'Block', 'korbin17@example.org', '(621)594-8740x2986', '1999-09-09 23:58:10', '2016-05-18 19:48:09');
INSERT INTO `users` (`id`, `first_name`, `last_name`, `email`, `phone`, `created_at`, `updated_at`) VALUES (5, 'Isobel', 'Mraz', 'ewisozk@example.net', '1-425-871-3795', '1981-05-03 03:10:56', '1977-04-12 09:20:12');
INSERT INTO `users` (`id`, `first_name`, `last_name`, `email`, `phone`, `created_at`, `updated_at`) VALUES (6, 'Rosamond', 'Wolf', 'elouise90@example.com', '346.888.4245', '2013-07-28 21:29:41', '1972-08-12 10:08:41');
INSERT INTO `users` (`id`, `first_name`, `last_name`, `email`, `phone`, `created_at`, `updated_at`) VALUES (7, 'Osborne', 'Marvin', 'heaven.hoeger@example.com', '1-483-996-9982x73746', '1976-06-11 11:27:40', '1981-03-14 23:38:58');
INSERT INTO `users` (`id`, `first_name`, `last_name`, `email`, `phone`, `created_at`, `updated_at`) VALUES (8, 'Jazmyne', 'Tremblay', 'tromp.caroline@example.net', '957.354.5673x339', '2003-09-03 21:21:42', '1992-10-10 21:40:38');
INSERT INTO `users` (`id`, `first_name`, `last_name`, `email`, `phone`, `created_at`, `updated_at`) VALUES (9, 'Gina', 'Kling', 'krystal.hane@example.org', '074-620-3649', '2009-05-03 04:32:16', '1971-03-07 16:56:55');
INSERT INTO `users` (`id`, `first_name`, `last_name`, `email`, `phone`, `created_at`, `updated_at`) VALUES (10, 'Weston', 'Mante', 'schroeder.lionel@example.net', '552-643-8679x10442', '2011-01-02 21:13:50', '1981-02-05 15:39:08');
INSERT INTO `users` (`id`, `first_name`, `last_name`, `email`, `phone`, `created_at`, `updated_at`) VALUES (11, 'Kiana', 'Romaguera', 'william.dickinson@example.org', '1-131-681-6038x62046', '1987-05-11 12:20:18', '1970-03-03 09:54:24');
INSERT INTO `users` (`id`, `first_name`, `last_name`, `email`, `phone`, `created_at`, `updated_at`) VALUES (12, 'Haleigh', 'Leffler', 'frieda.lowe@example.org', '1-537-617-5660x4329', '2002-02-14 19:21:36', '1983-03-26 03:29:54');
INSERT INTO `users` (`id`, `first_name`, `last_name`, `email`, `phone`, `created_at`, `updated_at`) VALUES (13, 'Jaylin', 'Nitzsche', 'carlos.stanton@example.org', '1-309-784-4898x0798', '1991-11-07 21:21:52', '2012-01-10 17:31:29');
INSERT INTO `users` (`id`, `first_name`, `last_name`, `email`, `phone`, `created_at`, `updated_at`) VALUES (14, 'Blair', 'Corwin', 'keyon.feil@example.net', '(392)297-2213x8968', '1977-11-20 15:03:15', '2001-09-20 21:35:41');
INSERT INTO `users` (`id`, `first_name`, `last_name`, `email`, `phone`, `created_at`, `updated_at`) VALUES (15, 'Aiden', 'Schinner', 'douglas.antwon@example.org', '+40(8)0397441845', '2017-10-10 11:57:02', '2002-04-04 02:52:57');
INSERT INTO `users` (`id`, `first_name`, `last_name`, `email`, `phone`, `created_at`, `updated_at`) VALUES (16, 'Hunter', 'Jenkins', 'isabella.lang@example.com', '1-372-649-8089', '1970-07-06 19:50:43', '1976-06-02 10:03:17');
INSERT INTO `users` (`id`, `first_name`, `last_name`, `email`, `phone`, `created_at`, `updated_at`) VALUES (17, 'Doug', 'Wisozk', 'emilia00@example.org', '+72(0)9050191988', '1994-12-22 11:11:17', '2008-08-18 16:31:53');
INSERT INTO `users` (`id`, `first_name`, `last_name`, `email`, `phone`, `created_at`, `updated_at`) VALUES (18, 'Milo', 'Schimmel', 'eichmann.hettie@example.org', '(794)742-0826', '1987-08-31 08:38:15', '1980-10-29 19:56:40');
INSERT INTO `users` (`id`, `first_name`, `last_name`, `email`, `phone`, `created_at`, `updated_at`) VALUES (19, 'Pete', 'Green', 'hermiston.ottilie@example.net', '848-125-5148', '1999-01-20 07:29:05', '2019-09-04 20:00:58');
INSERT INTO `users` (`id`, `first_name`, `last_name`, `email`, `phone`, `created_at`, `updated_at`) VALUES (20, 'Mckenzie', 'Jones', 'yost.sofia@example.org', '593-345-5580', '2009-03-16 08:07:35', '1976-07-07 00:48:36');
INSERT INTO `users` (`id`, `first_name`, `last_name`, `email`, `phone`, `created_at`, `updated_at`) VALUES (21, 'Max', 'Luettgen', 'dariana57@example.com', '+79(0)7955228325', '2012-02-04 15:43:21', '1995-01-06 23:53:28');
INSERT INTO `users` (`id`, `first_name`, `last_name`, `email`, `phone`, `created_at`, `updated_at`) VALUES (22, 'Anahi', 'Lueilwitz', 'karlee.turner@example.org', '378-867-1544x76834', '1978-02-08 20:45:45', '2018-05-29 04:11:36');
INSERT INTO `users` (`id`, `first_name`, `last_name`, `email`, `phone`, `created_at`, `updated_at`) VALUES (23, 'Nathen', 'Graham', 'yschmitt@example.org', '513.046.7182', '1983-06-28 17:04:07', '1975-05-19 04:26:18');
INSERT INTO `users` (`id`, `first_name`, `last_name`, `email`, `phone`, `created_at`, `updated_at`) VALUES (24, 'Malvina', 'Towne', 'misty21@example.net', '319.246.7149x35984', '2017-07-06 23:37:24', '2014-07-30 09:20:28');
INSERT INTO `users` (`id`, `first_name`, `last_name`, `email`, `phone`, `created_at`, `updated_at`) VALUES (25, 'Doug', 'Russel', 'angie.schinner@example.com', '039-076-8722x58563', '1996-10-17 14:23:29', '1991-01-31 17:20:39');
INSERT INTO `users` (`id`, `first_name`, `last_name`, `email`, `phone`, `created_at`, `updated_at`) VALUES (26, 'Stephania', 'Bednar', 'schowalter.keith@example.net', '(510)931-7096', '1973-01-28 14:38:02', '1987-10-27 05:50:35');
INSERT INTO `users` (`id`, `first_name`, `last_name`, `email`, `phone`, `created_at`, `updated_at`) VALUES (27, 'Obie', 'Gleason', 'bauch.tressie@example.net', '1-630-026-8100x74704', '1972-02-29 11:07:30', '1976-02-13 06:59:09');
INSERT INTO `users` (`id`, `first_name`, `last_name`, `email`, `phone`, `created_at`, `updated_at`) VALUES (28, 'Hollie', 'Blick', 'terence.dibbert@example.com', '(938)064-8840x830', '1976-12-03 09:48:29', '1997-05-08 21:17:38');
INSERT INTO `users` (`id`, `first_name`, `last_name`, `email`, `phone`, `created_at`, `updated_at`) VALUES (29, 'Sonya', 'Wunsch', 'fritsch.dora@example.net', '785-759-6142', '1998-02-05 09:12:55', '1988-09-28 02:03:32');
INSERT INTO `users` (`id`, `first_name`, `last_name`, `email`, `phone`, `created_at`, `updated_at`) VALUES (30, 'Mylene', 'Beahan', 'amaya48@example.org', '033.717.9122', '2014-06-09 09:41:05', '2016-07-09 21:20:13');
INSERT INTO `users` (`id`, `first_name`, `last_name`, `email`, `phone`, `created_at`, `updated_at`) VALUES (31, 'Nola', 'Borer', 'pschmeler@example.com', '1-533-440-8625', '2012-06-28 22:14:36', '2007-03-14 19:00:42');
INSERT INTO `users` (`id`, `first_name`, `last_name`, `email`, `phone`, `created_at`, `updated_at`) VALUES (32, 'Elissa', 'Stehr', 'jhomenick@example.net', '1-221-790-9839x512', '1998-01-04 11:58:18', '1972-09-17 04:42:38');
INSERT INTO `users` (`id`, `first_name`, `last_name`, `email`, `phone`, `created_at`, `updated_at`) VALUES (33, 'Jett', 'Stark', 'rau.kacey@example.com', '(680)911-0301x27683', '2011-10-28 13:27:15', '2002-06-07 01:48:32');
INSERT INTO `users` (`id`, `first_name`, `last_name`, `email`, `phone`, `created_at`, `updated_at`) VALUES (34, 'Estella', 'Adams', 'schroeder.amos@example.net', '(067)206-7615x397', '1972-02-26 06:39:18', '1987-01-30 04:19:56');
INSERT INTO `users` (`id`, `first_name`, `last_name`, `email`, `phone`, `created_at`, `updated_at`) VALUES (35, 'Charles', 'Wiegand', 'cyrus.ziemann@example.com', '(474)520-3703x09596', '1987-11-24 05:25:01', '2002-03-04 23:20:51');
INSERT INTO `users` (`id`, `first_name`, `last_name`, `email`, `phone`, `created_at`, `updated_at`) VALUES (36, 'Brant', 'Smitham', 'yundt.gabriel@example.org', '610.961.6758', '1977-04-11 06:17:07', '1994-09-27 18:13:22');
INSERT INTO `users` (`id`, `first_name`, `last_name`, `email`, `phone`, `created_at`, `updated_at`) VALUES (37, 'Ralph', 'Wisoky', 'pasquale.purdy@example.net', '08217456092', '1975-11-16 22:09:22', '1999-02-25 12:51:19');
INSERT INTO `users` (`id`, `first_name`, `last_name`, `email`, `phone`, `created_at`, `updated_at`) VALUES (38, 'Gregorio', 'Runte', 'alvis.roob@example.org', '1-772-430-3872', '1972-01-15 16:30:07', '1992-02-13 23:56:30');
INSERT INTO `users` (`id`, `first_name`, `last_name`, `email`, `phone`, `created_at`, `updated_at`) VALUES (39, 'Mozell', 'Johns', 'idella.spencer@example.org', '1-989-889-1526', '1971-03-16 03:20:57', '2012-01-13 19:51:09');
INSERT INTO `users` (`id`, `first_name`, `last_name`, `email`, `phone`, `created_at`, `updated_at`) VALUES (40, 'Ressie', 'Langosh', 'lue.o\'hara@example.org', '1-190-303-3653', '2007-01-27 02:52:31', '1988-10-05 05:19:32');
INSERT INTO `users` (`id`, `first_name`, `last_name`, `email`, `phone`, `created_at`, `updated_at`) VALUES (41, 'Donato', 'Christiansen', 'wkutch@example.com', '(369)801-5697x225', '1973-12-08 11:33:14', '2008-12-01 19:57:39');
INSERT INTO `users` (`id`, `first_name`, `last_name`, `email`, `phone`, `created_at`, `updated_at`) VALUES (42, 'Alva', 'Schmeler', 'stephen.jast@example.com', '599-145-5015x58873', '1984-06-26 06:03:34', '1993-04-18 10:27:08');
INSERT INTO `users` (`id`, `first_name`, `last_name`, `email`, `phone`, `created_at`, `updated_at`) VALUES (43, 'Jensen', 'Kertzmann', 'okertzmann@example.org', '(345)162-8916', '1987-03-26 23:11:11', '2002-02-02 22:35:01');
INSERT INTO `users` (`id`, `first_name`, `last_name`, `email`, `phone`, `created_at`, `updated_at`) VALUES (44, 'Hildegard', 'Adams', 'xrutherford@example.org', '(990)081-6940', '1984-04-09 03:01:03', '1982-05-04 06:17:16');
INSERT INTO `users` (`id`, `first_name`, `last_name`, `email`, `phone`, `created_at`, `updated_at`) VALUES (45, 'Margarett', 'Mante', 'magali87@example.com', '958-919-5192', '2008-02-08 00:26:51', '1994-05-31 04:05:31');
INSERT INTO `users` (`id`, `first_name`, `last_name`, `email`, `phone`, `created_at`, `updated_at`) VALUES (46, 'Dion', 'Oberbrunner', 'dprosacco@example.net', '947-267-5962x5855', '1977-11-29 21:15:32', '1992-09-11 14:57:28');
INSERT INTO `users` (`id`, `first_name`, `last_name`, `email`, `phone`, `created_at`, `updated_at`) VALUES (47, 'Jamie', 'Hammes', 'ferry.juana@example.net', '1-277-271-4229x51193', '2003-02-02 11:27:25', '1978-12-21 20:21:08');
INSERT INTO `users` (`id`, `first_name`, `last_name`, `email`, `phone`, `created_at`, `updated_at`) VALUES (48, 'Granville', 'Donnelly', 'alexis41@example.net', '1-943-167-3210x298', '2011-08-24 12:45:42', '2017-01-12 05:53:41');
INSERT INTO `users` (`id`, `first_name`, `last_name`, `email`, `phone`, `created_at`, `updated_at`) VALUES (49, 'Taryn', 'Metz', 'nestor18@example.org', '1-600-916-0860', '2002-12-20 05:06:23', '2003-01-10 04:06:30');
INSERT INTO `users` (`id`, `first_name`, `last_name`, `email`, `phone`, `created_at`, `updated_at`) VALUES (50, 'Amparo', 'O\'Reilly', 'xvandervort@example.com', '698-389-8821', '1998-09-29 09:59:53', '2006-07-11 08:34:35');
INSERT INTO `users` (`id`, `first_name`, `last_name`, `email`, `phone`, `created_at`, `updated_at`) VALUES (51, 'Moshe', 'Walker', 'kturcotte@example.net', '1-458-025-0996x4160', '1975-07-28 11:13:18', '1976-09-02 20:00:56');
INSERT INTO `users` (`id`, `first_name`, `last_name`, `email`, `phone`, `created_at`, `updated_at`) VALUES (52, 'Alexie', 'Cronin', 'zkoch@example.net', '576-632-0488', '1980-11-09 10:15:50', '1973-11-01 09:19:20');
INSERT INTO `users` (`id`, `first_name`, `last_name`, `email`, `phone`, `created_at`, `updated_at`) VALUES (53, 'Myrna', 'Orn', 'carroll.pamela@example.com', '584.741.2508', '2006-01-24 05:25:00', '2006-06-28 00:53:27');
INSERT INTO `users` (`id`, `first_name`, `last_name`, `email`, `phone`, `created_at`, `updated_at`) VALUES (54, 'Victoria', 'Mueller', 'ronaldo58@example.com', '(521)201-2756x13713', '2016-02-18 15:41:41', '1979-04-10 06:57:43');
INSERT INTO `users` (`id`, `first_name`, `last_name`, `email`, `phone`, `created_at`, `updated_at`) VALUES (55, 'Joanne', 'Toy', 'ritchie.judd@example.net', '(149)737-6509x362', '1996-01-01 05:59:04', '2002-11-24 09:17:18');
INSERT INTO `users` (`id`, `first_name`, `last_name`, `email`, `phone`, `created_at`, `updated_at`) VALUES (56, 'Jordane', 'Hermann', 'thiel.aaliyah@example.com', '719.886.8671x498', '1994-02-17 05:17:38', '1970-12-24 23:02:38');
INSERT INTO `users` (`id`, `first_name`, `last_name`, `email`, `phone`, `created_at`, `updated_at`) VALUES (57, 'Mollie', 'Breitenberg', 'tristin62@example.net', '1-664-092-0606', '2016-03-16 08:35:55', '1987-08-15 04:01:49');
INSERT INTO `users` (`id`, `first_name`, `last_name`, `email`, `phone`, `created_at`, `updated_at`) VALUES (58, 'Amalia', 'Spinka', 'waldo49@example.net', '1-505-637-3245x9461', '1996-07-04 23:59:04', '2010-11-11 09:30:50');
INSERT INTO `users` (`id`, `first_name`, `last_name`, `email`, `phone`, `created_at`, `updated_at`) VALUES (59, 'Marion', 'Tromp', 'fstanton@example.org', '850-353-5764x49274', '2016-12-23 18:17:27', '2006-10-01 21:34:19');
INSERT INTO `users` (`id`, `first_name`, `last_name`, `email`, `phone`, `created_at`, `updated_at`) VALUES (60, 'Madeline', 'Friesen', 'mdooley@example.net', '494.300.3694', '2002-09-16 01:54:45', '1990-08-04 09:48:15');
INSERT INTO `users` (`id`, `first_name`, `last_name`, `email`, `phone`, `created_at`, `updated_at`) VALUES (61, 'Maybelle', 'Hessel', 'vena.o\'kon@example.net', '(311)445-4467', '2019-04-17 10:47:49', '2007-05-17 22:02:01');
INSERT INTO `users` (`id`, `first_name`, `last_name`, `email`, `phone`, `created_at`, `updated_at`) VALUES (62, 'Rigoberto', 'Lowe', 'dayna95@example.com', '(737)057-3478', '1979-08-28 01:10:58', '1985-09-30 19:03:12');
INSERT INTO `users` (`id`, `first_name`, `last_name`, `email`, `phone`, `created_at`, `updated_at`) VALUES (63, 'Ellsworth', 'Johnston', 'xwill@example.org', '1-355-795-5583x6260', '2005-12-17 11:29:45', '1987-02-13 08:44:22');
INSERT INTO `users` (`id`, `first_name`, `last_name`, `email`, `phone`, `created_at`, `updated_at`) VALUES (64, 'Glenna', 'Blanda', 'horacio41@example.com', '(498)665-3686', '1977-05-12 10:25:32', '2012-05-10 18:06:19');
INSERT INTO `users` (`id`, `first_name`, `last_name`, `email`, `phone`, `created_at`, `updated_at`) VALUES (65, 'Beaulah', 'Armstrong', 'margarette78@example.com', '(223)373-6462x689', '2011-07-27 18:38:52', '2018-02-26 01:58:42');
INSERT INTO `users` (`id`, `first_name`, `last_name`, `email`, `phone`, `created_at`, `updated_at`) VALUES (66, 'Nella', 'Glover', 'rollin46@example.com', '1-578-251-7306', '1970-04-12 22:58:54', '1980-09-17 21:38:26');
INSERT INTO `users` (`id`, `first_name`, `last_name`, `email`, `phone`, `created_at`, `updated_at`) VALUES (67, 'Annetta', 'Tillman', 'monserrate.considine@example.com', '322.466.2036', '1978-10-07 18:30:02', '1970-08-27 05:03:24');
INSERT INTO `users` (`id`, `first_name`, `last_name`, `email`, `phone`, `created_at`, `updated_at`) VALUES (68, 'Naomi', 'Huels', 'julius06@example.net', '868-500-9250', '1984-11-08 09:44:05', '2013-02-20 18:51:12');
INSERT INTO `users` (`id`, `first_name`, `last_name`, `email`, `phone`, `created_at`, `updated_at`) VALUES (69, 'Frank', 'Conn', 'reece.cassin@example.net', '485-708-0569x95478', '2006-04-17 20:14:31', '2019-05-14 13:43:59');
INSERT INTO `users` (`id`, `first_name`, `last_name`, `email`, `phone`, `created_at`, `updated_at`) VALUES (70, 'Fabian', 'Beahan', 'dusty.schmeler@example.net', '04069753629', '2010-10-14 19:45:04', '1996-11-28 20:27:49');
INSERT INTO `users` (`id`, `first_name`, `last_name`, `email`, `phone`, `created_at`, `updated_at`) VALUES (71, 'Earlene', 'Buckridge', 'dovie.flatley@example.org', '09545335778', '2011-01-19 23:44:09', '1981-05-22 19:33:15');
INSERT INTO `users` (`id`, `first_name`, `last_name`, `email`, `phone`, `created_at`, `updated_at`) VALUES (72, 'Davion', 'Kirlin', 'macejkovic.leanna@example.net', '067.781.3188x99704', '1984-06-12 23:15:45', '1986-01-03 08:23:24');
INSERT INTO `users` (`id`, `first_name`, `last_name`, `email`, `phone`, `created_at`, `updated_at`) VALUES (73, 'Alfreda', 'Crist', 'rosalind88@example.net', '973-457-2526', '2000-07-12 18:58:58', '2002-12-06 16:39:37');
INSERT INTO `users` (`id`, `first_name`, `last_name`, `email`, `phone`, `created_at`, `updated_at`) VALUES (74, 'Frieda', 'Abbott', 'twilliamson@example.org', '1-768-356-5686', '2013-12-08 03:20:46', '2017-07-19 00:10:44');
INSERT INTO `users` (`id`, `first_name`, `last_name`, `email`, `phone`, `created_at`, `updated_at`) VALUES (75, 'Gertrude', 'Wintheiser', 'nmuller@example.org', '04484675547', '1999-06-03 14:56:52', '2013-04-15 08:25:49');
INSERT INTO `users` (`id`, `first_name`, `last_name`, `email`, `phone`, `created_at`, `updated_at`) VALUES (76, 'Minerva', 'Ernser', 'maci.howell@example.net', '+54(2)7892031334', '1970-05-05 16:06:57', '2000-12-20 12:37:12');
INSERT INTO `users` (`id`, `first_name`, `last_name`, `email`, `phone`, `created_at`, `updated_at`) VALUES (77, 'Shyann', 'Morissette', 'herman.wanda@example.org', '(287)710-6244', '1975-11-14 17:02:31', '1989-08-02 15:47:30');
INSERT INTO `users` (`id`, `first_name`, `last_name`, `email`, `phone`, `created_at`, `updated_at`) VALUES (78, 'Clara', 'Purdy', 'nathan.fisher@example.com', '941.030.7399', '2003-09-13 18:07:16', '1979-02-16 04:44:35');
INSERT INTO `users` (`id`, `first_name`, `last_name`, `email`, `phone`, `created_at`, `updated_at`) VALUES (79, 'Isom', 'Flatley', 'troob@example.com', '1-635-656-8764x54522', '1990-07-08 16:39:44', '2018-09-02 11:35:38');
INSERT INTO `users` (`id`, `first_name`, `last_name`, `email`, `phone`, `created_at`, `updated_at`) VALUES (80, 'Unique', 'Altenwerth', 'aric.howell@example.com', '766.937.5826x5432', '1973-10-14 01:05:56', '1975-01-31 08:31:03');
INSERT INTO `users` (`id`, `first_name`, `last_name`, `email`, `phone`, `created_at`, `updated_at`) VALUES (81, 'Vanessa', 'Lehner', 'walker.valerie@example.org', '1-456-493-8612', '2009-02-12 17:23:23', '1999-04-29 02:53:41');
INSERT INTO `users` (`id`, `first_name`, `last_name`, `email`, `phone`, `created_at`, `updated_at`) VALUES (82, 'Soledad', 'Hills', 'russel.charles@example.com', '(572)165-0761x36829', '1974-04-28 11:54:31', '2007-06-06 10:48:14');
INSERT INTO `users` (`id`, `first_name`, `last_name`, `email`, `phone`, `created_at`, `updated_at`) VALUES (83, 'Estell', 'Heidenreich', 'ychristiansen@example.org', '1-644-329-9971', '1986-05-09 23:35:39', '1975-07-22 13:21:31');
INSERT INTO `users` (`id`, `first_name`, `last_name`, `email`, `phone`, `created_at`, `updated_at`) VALUES (84, 'Cade', 'Watsica', 'nswaniawski@example.com', '+89(6)0105378074', '1986-08-13 18:01:22', '2004-03-09 00:36:52');
INSERT INTO `users` (`id`, `first_name`, `last_name`, `email`, `phone`, `created_at`, `updated_at`) VALUES (85, 'Lewis', 'Gerhold', 'iratke@example.com', '1-556-596-6731', '1981-07-20 20:34:43', '1972-11-17 07:55:55');
INSERT INTO `users` (`id`, `first_name`, `last_name`, `email`, `phone`, `created_at`, `updated_at`) VALUES (86, 'Antonio', 'Senger', 'sporer.lavon@example.com', '497.435.3343', '2016-02-22 12:11:38', '2011-02-12 03:07:24');
INSERT INTO `users` (`id`, `first_name`, `last_name`, `email`, `phone`, `created_at`, `updated_at`) VALUES (87, 'Juvenal', 'Kshlerin', 'mlind@example.com', '00228022405', '1994-12-27 01:40:59', '1976-05-20 08:02:02');
INSERT INTO `users` (`id`, `first_name`, `last_name`, `email`, `phone`, `created_at`, `updated_at`) VALUES (88, 'Halle', 'Shanahan', 'kamron78@example.com', '445.168.4854x55532', '2017-08-19 15:17:03', '1987-06-02 13:44:17');
INSERT INTO `users` (`id`, `first_name`, `last_name`, `email`, `phone`, `created_at`, `updated_at`) VALUES (89, 'Mitchel', 'Conroy', 'nicola.dubuque@example.org', '1-625-124-5681x77076', '1998-11-13 10:06:00', '1976-07-11 07:45:21');
INSERT INTO `users` (`id`, `first_name`, `last_name`, `email`, `phone`, `created_at`, `updated_at`) VALUES (90, 'Alisa', 'Reichel', 'nicolas.henri@example.com', '142-998-9012x99636', '2000-04-01 08:09:58', '1986-01-12 06:29:42');
INSERT INTO `users` (`id`, `first_name`, `last_name`, `email`, `phone`, `created_at`, `updated_at`) VALUES (91, 'Serenity', 'Boyer', 'ariel61@example.org', '1-767-933-5910x97194', '2017-02-14 11:06:25', '2008-10-17 17:50:01');
INSERT INTO `users` (`id`, `first_name`, `last_name`, `email`, `phone`, `created_at`, `updated_at`) VALUES (92, 'Hortense', 'Ziemann', 'isaiah.dickens@example.net', '1-609-068-1854x261', '1985-04-27 00:09:02', '2007-06-25 05:43:30');
INSERT INTO `users` (`id`, `first_name`, `last_name`, `email`, `phone`, `created_at`, `updated_at`) VALUES (93, 'Russel', 'Corkery', 'dawn.schumm@example.net', '(110)768-7087x139', '1972-09-28 20:48:47', '2011-05-11 22:19:57');
INSERT INTO `users` (`id`, `first_name`, `last_name`, `email`, `phone`, `created_at`, `updated_at`) VALUES (94, 'Keshaun', 'Jacobi', 'considine.hilbert@example.com', '1-201-306-3697x569', '1985-11-09 13:35:13', '1985-09-17 12:12:11');
INSERT INTO `users` (`id`, `first_name`, `last_name`, `email`, `phone`, `created_at`, `updated_at`) VALUES (95, 'Lacy', 'Effertz', 'lpredovic@example.com', '1-553-974-4583x86233', '2019-05-14 03:02:14', '1980-03-16 02:05:10');
INSERT INTO `users` (`id`, `first_name`, `last_name`, `email`, `phone`, `created_at`, `updated_at`) VALUES (96, 'Norval', 'Thompson', 'joey.gorczany@example.com', '420-014-3232', '2009-10-28 23:26:45', '2011-01-20 23:33:53');
INSERT INTO `users` (`id`, `first_name`, `last_name`, `email`, `phone`, `created_at`, `updated_at`) VALUES (97, 'Mikel', 'Dickens', 'maggio.maxwell@example.com', '(437)525-2905', '2000-01-26 19:08:30', '1983-06-07 10:21:59');
INSERT INTO `users` (`id`, `first_name`, `last_name`, `email`, `phone`, `created_at`, `updated_at`) VALUES (98, 'Erick', 'Von', 'ona.will@example.com', '505.150.6063x3580', '1971-07-02 09:22:57', '1977-06-06 04:56:50');
INSERT INTO `users` (`id`, `first_name`, `last_name`, `email`, `phone`, `created_at`, `updated_at`) VALUES (99, 'Chester', 'Osinski', 'pink09@example.org', '602.633.5146', '1982-11-24 03:59:56', '1978-03-15 21:18:53');
INSERT INTO `users` (`id`, `first_name`, `last_name`, `email`, `phone`, `created_at`, `updated_at`) VALUES (100, 'Kellie', 'Koss', 'parisian.rosario@example.org', '212-025-5650x21090', '2018-08-25 13:48:06', '2001-01-31 08:06:13');


-- profiles 

insert into profiles (user_id, sex, birthday, hometown, photo_path, updated_at) values (1, 'F', '03.06.2019', 'Liebu', 'https://robohash.org/distinctioquamipsa.png?size=50x50&set=set1', '27.06.2019');
insert into profiles (user_id, sex, birthday, hometown, photo_path, updated_at) values (2, 'F', '17.05.2019', 'Soba', 'https://robohash.org/inutconsequatur.jpg?size=50x50&set=set1', '19.08.2019');
insert into profiles (user_id, sex, birthday, hometown, photo_path, updated_at) values (3, 'F', '07.03.2019', 'Verenchanka', 'https://robohash.org/reruminveniam.png?size=50x50&set=set1', '21.07.2019');
insert into profiles (user_id, sex, birthday, hometown, photo_path, updated_at) values (4, 'F', '22.08.2019', 'Karangbalong', 'https://robohash.org/perferendisconsequunturincidunt.png?size=50x50&set=set1', '26.06.2019');
insert into profiles (user_id, sex, birthday, hometown, photo_path, updated_at) values (5, 'M', '15.01.2019', 'Kansas City', 'https://robohash.org/harumporroiusto.png?size=50x50&set=set1', '11.06.2019');
insert into profiles (user_id, sex, birthday, hometown, photo_path, updated_at) values (6, 'M', '03.12.2019', 'Kuytun', 'https://robohash.org/doloremquedelectuspossimus.png?size=50x50&set=set1', '25.01.2019');
insert into profiles (user_id, sex, birthday, hometown, photo_path, updated_at) values (7, 'F', '06.12.2019', 'Khirdalan', 'https://robohash.org/expeditamollitiaharum.png?size=50x50&set=set1', '24.01.2019');
insert into profiles (user_id, sex, birthday, hometown, photo_path, updated_at) values (8, 'M', '24.09.2019', 'Tanahwulan', 'https://robohash.org/totamnulladolores.jpg?size=50x50&set=set1', '05.12.2019');
insert into profiles (user_id, sex, birthday, hometown, photo_path, updated_at) values (9, 'F', '18.02.2019', 'Akhaldaba', 'https://robohash.org/doloresvelitet.jpg?size=50x50&set=set1', '24.01.2019');
insert into profiles (user_id, sex, birthday, hometown, photo_path, updated_at) values (10, 'F', '17.11.2019', 'Barrosa', 'https://robohash.org/voluptatemfugiatsuscipit.png?size=50x50&set=set1', '28.12.2018');
insert into profiles (user_id, sex, birthday, hometown, photo_path, updated_at) values (11, 'M', '01.04.2019', 'Pleven', 'https://robohash.org/iustoaliasdoloribus.png?size=50x50&set=set1', '15.07.2019');
insert into profiles (user_id, sex, birthday, hometown, photo_path, updated_at) values (12, 'F', '13.11.2019', 'Shuren', 'https://robohash.org/nemonihillaboriosam.png?size=50x50&set=set1', '30.01.2019');
insert into profiles (user_id, sex, birthday, hometown, photo_path, updated_at) values (13, 'F', '15.04.2019', 'Gereykhanovskoye', 'https://robohash.org/exercitationemquasivel.jpg?size=50x50&set=set1', '10.02.2019');
insert into profiles (user_id, sex, birthday, hometown, photo_path, updated_at) values (14, 'F', '14.04.2019', 'Villa Paula de Sarmiento', 'https://robohash.org/optioetomnis.png?size=50x50&set=set1', '03.01.2019');
insert into profiles (user_id, sex, birthday, hometown, photo_path, updated_at) values (15, 'M', '21.11.2019', 'Headlands', 'https://robohash.org/voluptatemsedaut.png?size=50x50&set=set1', '27.12.2018');
insert into profiles (user_id, sex, birthday, hometown, photo_path, updated_at) values (16, 'F', '24.01.2019', 'Verkhniy Yasenov', 'https://robohash.org/faceresedvitae.png?size=50x50&set=set1', '14.03.2019');
insert into profiles (user_id, sex, birthday, hometown, photo_path, updated_at) values (17, 'M', '06.01.2019', 'Birr', 'https://robohash.org/etquasodio.bmp?size=50x50&set=set1', '09.01.2019');
insert into profiles (user_id, sex, birthday, hometown, photo_path, updated_at) values (18, 'M', '27.03.2019', 'Quanling', 'https://robohash.org/quiundeatque.jpg?size=50x50&set=set1', '22.06.2019');
insert into profiles (user_id, sex, birthday, hometown, photo_path, updated_at) values (19, 'M', '15.08.2019', 'Agía Triáda', 'https://robohash.org/temporaquismolestiae.jpg?size=50x50&set=set1', '26.01.2019');
insert into profiles (user_id, sex, birthday, hometown, photo_path, updated_at) values (20, 'F', '31.05.2019', 'Fencheng', 'https://robohash.org/inetqui.jpg?size=50x50&set=set1', '25.11.2019');
insert into profiles (user_id, sex, birthday, hometown, photo_path, updated_at) values (21, 'F', '18.02.2019', 'Cabatuan', 'https://robohash.org/accusantiumatqueodio.jpg?size=50x50&set=set1', '28.06.2019');
insert into profiles (user_id, sex, birthday, hometown, photo_path, updated_at) values (22, 'F', '02.02.2019', 'Vinhais', 'https://robohash.org/idsuscipitqui.png?size=50x50&set=set1', '25.01.2019');
insert into profiles (user_id, sex, birthday, hometown, photo_path, updated_at) values (23, 'M', '04.01.2019', 'La Habana Vieja', 'https://robohash.org/exercitationemconsecteturvoluptatem.jpg?size=50x50&set=set1', '19.07.2019');
insert into profiles (user_id, sex, birthday, hometown, photo_path, updated_at) values (24, 'F', '13.12.2019', 'Tuamese', 'https://robohash.org/sedsapienteiusto.bmp?size=50x50&set=set1', '17.01.2019');
insert into profiles (user_id, sex, birthday, hometown, photo_path, updated_at) values (25, 'M', '30.09.2019', 'Kakaek', 'https://robohash.org/omnisdoloribusipsum.bmp?size=50x50&set=set1', '21.07.2019');
insert into profiles (user_id, sex, birthday, hometown, photo_path, updated_at) values (26, 'M', '29.06.2019', 'Sukabumi', 'https://robohash.org/necessitatibusomnisreiciendis.jpg?size=50x50&set=set1', '15.02.2019');
insert into profiles (user_id, sex, birthday, hometown, photo_path, updated_at) values (27, 'M', '15.01.2019', 'Stockholm', 'https://robohash.org/quasiestquis.png?size=50x50&set=set1', '25.09.2019');
insert into profiles (user_id, sex, birthday, hometown, photo_path, updated_at) values (28, 'M', '29.06.2019', 'Bergville', 'https://robohash.org/quiadelectusconsequuntur.jpg?size=50x50&set=set1', '28.12.2018');
insert into profiles (user_id, sex, birthday, hometown, photo_path, updated_at) values (29, 'F', '02.04.2019', 'Balite', 'https://robohash.org/nullasuntaut.jpg?size=50x50&set=set1', '14.12.2019');
insert into profiles (user_id, sex, birthday, hometown, photo_path, updated_at) values (30, 'M', '15.03.2019', 'Seka', 'https://robohash.org/quistenetursit.bmp?size=50x50&set=set1', '28.10.2019');
insert into profiles (user_id, sex, birthday, hometown, photo_path, updated_at) values (31, 'M', '10.12.2019', 'Qala i Naw', 'https://robohash.org/quietvoluptatem.png?size=50x50&set=set1', '08.07.2019');
insert into profiles (user_id, sex, birthday, hometown, photo_path, updated_at) values (32, 'M', '18.07.2019', 'Lycksele', 'https://robohash.org/sapienteadipiscivoluptas.jpg?size=50x50&set=set1', '22.07.2019');
insert into profiles (user_id, sex, birthday, hometown, photo_path, updated_at) values (33, 'M', '21.03.2019', 'Tangquan', 'https://robohash.org/temporepariaturratione.png?size=50x50&set=set1', '21.07.2019');
insert into profiles (user_id, sex, birthday, hometown, photo_path, updated_at) values (34, 'F', '30.01.2019', 'Jönköping', 'https://robohash.org/magnamvelut.png?size=50x50&set=set1', '08.03.2019');
insert into profiles (user_id, sex, birthday, hometown, photo_path, updated_at) values (35, 'F', '27.12.2018', 'Sabnova', 'https://robohash.org/idassumendarepellat.jpg?size=50x50&set=set1', '11.11.2019');
insert into profiles (user_id, sex, birthday, hometown, photo_path, updated_at) values (36, 'F', '18.05.2019', 'Houmt Souk', 'https://robohash.org/facilisestut.bmp?size=50x50&set=set1', '26.01.2019');
insert into profiles (user_id, sex, birthday, hometown, photo_path, updated_at) values (37, 'M', '13.09.2019', 'Chengxiang', 'https://robohash.org/similiqueutsapiente.png?size=50x50&set=set1', '06.06.2019');
insert into profiles (user_id, sex, birthday, hometown, photo_path, updated_at) values (38, 'M', '13.10.2019', 'Dawusu', 'https://robohash.org/initaquesit.jpg?size=50x50&set=set1', '26.11.2019');
insert into profiles (user_id, sex, birthday, hometown, photo_path, updated_at) values (39, 'M', '13.06.2019', 'Nigel', 'https://robohash.org/etutfacere.png?size=50x50&set=set1', '10.09.2019');
insert into profiles (user_id, sex, birthday, hometown, photo_path, updated_at) values (40, 'F', '05.08.2019', 'Machado', 'https://robohash.org/nemodictacupiditate.png?size=50x50&set=set1', '22.10.2019');
insert into profiles (user_id, sex, birthday, hometown, photo_path, updated_at) values (41, 'M', '23.10.2019', 'Xingou', 'https://robohash.org/magnidoloresnon.png?size=50x50&set=set1', '05.03.2019');
insert into profiles (user_id, sex, birthday, hometown, photo_path, updated_at) values (42, 'F', '18.10.2019', 'Montevista', 'https://robohash.org/voluptasfugitlaborum.bmp?size=50x50&set=set1', '16.04.2019');
insert into profiles (user_id, sex, birthday, hometown, photo_path, updated_at) values (43, 'F', '16.06.2019', 'Ibarra', 'https://robohash.org/minimavoluptatibusdolorum.bmp?size=50x50&set=set1', '27.10.2019');
insert into profiles (user_id, sex, birthday, hometown, photo_path, updated_at) values (44, 'F', '17.11.2019', 'Kemendung', 'https://robohash.org/suntperferendistempore.bmp?size=50x50&set=set1', '10.10.2019');
insert into profiles (user_id, sex, birthday, hometown, photo_path, updated_at) values (45, 'M', '16.10.2019', 'Khānaqāh', 'https://robohash.org/quiasitodio.png?size=50x50&set=set1', '27.08.2019');
insert into profiles (user_id, sex, birthday, hometown, photo_path, updated_at) values (46, 'M', '30.08.2019', 'Yumani', 'https://robohash.org/voluptatemquaeaut.bmp?size=50x50&set=set1', '04.01.2019');
insert into profiles (user_id, sex, birthday, hometown, photo_path, updated_at) values (47, 'F', '15.05.2019', 'Tunggulsari', 'https://robohash.org/rationeidenim.bmp?size=50x50&set=set1', '29.05.2019');
insert into profiles (user_id, sex, birthday, hometown, photo_path, updated_at) values (48, 'F', '27.12.2018', 'Arinos', 'https://robohash.org/nesciuntnecessitatibusaut.png?size=50x50&set=set1', '12.07.2019');
insert into profiles (user_id, sex, birthday, hometown, photo_path, updated_at) values (49, 'F', '27.05.2019', 'San Rafael', 'https://robohash.org/excepturisitillum.bmp?size=50x50&set=set1', '16.05.2019');
insert into profiles (user_id, sex, birthday, hometown, photo_path, updated_at) values (50, 'M', '29.12.2018', 'Chagang', 'https://robohash.org/earumquisest.bmp?size=50x50&set=set1', '03.05.2019');
insert into profiles (user_id, sex, birthday, hometown, photo_path, updated_at) values (51, 'M', '18.03.2019', 'Bulubrangsi', 'https://robohash.org/quisverosapiente.jpg?size=50x50&set=set1', '10.03.2019');
insert into profiles (user_id, sex, birthday, hometown, photo_path, updated_at) values (52, 'F', '23.01.2019', 'Dakingari', 'https://robohash.org/eligendienimvelit.jpg?size=50x50&set=set1', '08.08.2019');
insert into profiles (user_id, sex, birthday, hometown, photo_path, updated_at) values (53, 'M', '18.02.2019', 'Dallas', 'https://robohash.org/utmagnamrepellat.bmp?size=50x50&set=set1', '21.04.2019');
insert into profiles (user_id, sex, birthday, hometown, photo_path, updated_at) values (54, 'M', '02.07.2019', 'Laranjeiras do Sul', 'https://robohash.org/pariaturexpeditaunde.bmp?size=50x50&set=set1', '27.12.2018');
insert into profiles (user_id, sex, birthday, hometown, photo_path, updated_at) values (55, 'F', '15.01.2019', 'Marxog', 'https://robohash.org/praesentiumassumendadoloribus.bmp?size=50x50&set=set1', '09.06.2019');
insert into profiles (user_id, sex, birthday, hometown, photo_path, updated_at) values (56, 'F', '12.01.2019', 'Liupai', 'https://robohash.org/etdictahic.jpg?size=50x50&set=set1', '11.10.2019');
insert into profiles (user_id, sex, birthday, hometown, photo_path, updated_at) values (57, 'F', '02.12.2019', 'Xijiang', 'https://robohash.org/voluptassaeperepudiandae.png?size=50x50&set=set1', '17.04.2019');
insert into profiles (user_id, sex, birthday, hometown, photo_path, updated_at) values (58, 'F', '02.06.2019', 'São Paio de Seide', 'https://robohash.org/molestiaeenimducimus.png?size=50x50&set=set1', '11.04.2019');
insert into profiles (user_id, sex, birthday, hometown, photo_path, updated_at) values (59, 'M', '03.03.2019', 'Mawu', 'https://robohash.org/perspiciatissapientequidem.png?size=50x50&set=set1', '27.07.2019');
insert into profiles (user_id, sex, birthday, hometown, photo_path, updated_at) values (60, 'M', '05.12.2019', 'Huizhai', 'https://robohash.org/corruptiiustoeos.png?size=50x50&set=set1', '14.11.2019');
insert into profiles (user_id, sex, birthday, hometown, photo_path, updated_at) values (61, 'F', '11.10.2019', 'Raejeru', 'https://robohash.org/modidolordeleniti.png?size=50x50&set=set1', '04.11.2019');
insert into profiles (user_id, sex, birthday, hometown, photo_path, updated_at) values (62, 'F', '07.01.2019', 'Boneng', 'https://robohash.org/enimofficiavoluptas.bmp?size=50x50&set=set1', '17.02.2019');
insert into profiles (user_id, sex, birthday, hometown, photo_path, updated_at) values (63, 'F', '29.01.2019', 'Slovenski Javornik', 'https://robohash.org/nihiloditea.png?size=50x50&set=set1', '03.03.2019');
insert into profiles (user_id, sex, birthday, hometown, photo_path, updated_at) values (64, 'M', '01.10.2019', 'Rozsypne', 'https://robohash.org/velaspernatursed.png?size=50x50&set=set1', '02.10.2019');
insert into profiles (user_id, sex, birthday, hometown, photo_path, updated_at) values (65, 'M', '17.03.2019', 'Zhangdun', 'https://robohash.org/quoodioperferendis.bmp?size=50x50&set=set1', '20.01.2019');
insert into profiles (user_id, sex, birthday, hometown, photo_path, updated_at) values (66, 'F', '07.01.2019', 'Shah Alam', 'https://robohash.org/hicmaximeexercitationem.png?size=50x50&set=set1', '11.05.2019');
insert into profiles (user_id, sex, birthday, hometown, photo_path, updated_at) values (67, 'F', '05.12.2019', 'Muzambinho', 'https://robohash.org/expeditaplaceataliquid.bmp?size=50x50&set=set1', '10.11.2019');
insert into profiles (user_id, sex, birthday, hometown, photo_path, updated_at) values (68, 'M', '03.08.2019', 'Kosiv', 'https://robohash.org/estconsequunturaperiam.jpg?size=50x50&set=set1', '19.02.2019');
insert into profiles (user_id, sex, birthday, hometown, photo_path, updated_at) values (69, 'F', '04.12.2019', 'Turanj', 'https://robohash.org/repellatetvoluptatibus.jpg?size=50x50&set=set1', '13.09.2019');
insert into profiles (user_id, sex, birthday, hometown, photo_path, updated_at) values (70, 'M', '25.01.2019', 'Peyima', 'https://robohash.org/voluptatibuspariaturvoluptas.bmp?size=50x50&set=set1', '12.05.2019');
insert into profiles (user_id, sex, birthday, hometown, photo_path, updated_at) values (71, 'M', '09.11.2019', 'Beselga', 'https://robohash.org/asperioresreiciendislaborum.jpg?size=50x50&set=set1', '13.11.2019');
insert into profiles (user_id, sex, birthday, hometown, photo_path, updated_at) values (72, 'F', '04.02.2019', 'Kuliyapitiya', 'https://robohash.org/etdoloremaperiam.jpg?size=50x50&set=set1', '21.04.2019');
insert into profiles (user_id, sex, birthday, hometown, photo_path, updated_at) values (73, 'M', '11.05.2019', 'Shatki', 'https://robohash.org/adipiscimolestiaeipsum.jpg?size=50x50&set=set1', '16.06.2019');
insert into profiles (user_id, sex, birthday, hometown, photo_path, updated_at) values (74, 'F', '14.09.2019', 'Desa Nasol', 'https://robohash.org/temporibusperspiciatisconsectetur.bmp?size=50x50&set=set1', '16.10.2019');
insert into profiles (user_id, sex, birthday, hometown, photo_path, updated_at) values (75, 'M', '25.10.2019', 'Kutamangu', 'https://robohash.org/odioetut.jpg?size=50x50&set=set1', '29.01.2019');
insert into profiles (user_id, sex, birthday, hometown, photo_path, updated_at) values (76, 'M', '02.04.2019', 'Suqin Huimin', 'https://robohash.org/rerumbeataetempore.jpg?size=50x50&set=set1', '20.06.2019');
insert into profiles (user_id, sex, birthday, hometown, photo_path, updated_at) values (77, 'M', '03.01.2019', 'Lai Cách', 'https://robohash.org/quitotamveniam.jpg?size=50x50&set=set1', '28.07.2019');
insert into profiles (user_id, sex, birthday, hometown, photo_path, updated_at) values (78, 'M', '11.03.2019', 'Guarumal', 'https://robohash.org/omnisdoloremqueet.jpg?size=50x50&set=set1', '08.12.2019');
insert into profiles (user_id, sex, birthday, hometown, photo_path, updated_at) values (79, 'F', '16.03.2019', 'Briceni', 'https://robohash.org/utminimanihil.jpg?size=50x50&set=set1', '01.04.2019');
insert into profiles (user_id, sex, birthday, hometown, photo_path, updated_at) values (80, 'F', '01.09.2019', 'Malakwāl', 'https://robohash.org/recusandaeoditvoluptatem.png?size=50x50&set=set1', '28.09.2019');
insert into profiles (user_id, sex, birthday, hometown, photo_path, updated_at) values (81, 'F', '07.03.2019', 'Patitírion', 'https://robohash.org/istetemporibusnatus.jpg?size=50x50&set=set1', '23.08.2019');
insert into profiles (user_id, sex, birthday, hometown, photo_path, updated_at) values (82, 'M', '14.05.2019', 'Morales', 'https://robohash.org/natuseummodi.png?size=50x50&set=set1', '19.01.2019');
insert into profiles (user_id, sex, birthday, hometown, photo_path, updated_at) values (83, 'M', '07.05.2019', 'Moulay Bouchta', 'https://robohash.org/necessitatibusutex.png?size=50x50&set=set1', '26.05.2019');
insert into profiles (user_id, sex, birthday, hometown, photo_path, updated_at) values (84, 'M', '12.03.2019', 'Shibli', 'https://robohash.org/hicnequeporro.png?size=50x50&set=set1', '22.11.2019');
insert into profiles (user_id, sex, birthday, hometown, photo_path, updated_at) values (85, 'F', '29.01.2019', 'Bassila', 'https://robohash.org/asperioresminimaunde.jpg?size=50x50&set=set1', '21.09.2019');
insert into profiles (user_id, sex, birthday, hometown, photo_path, updated_at) values (86, 'M', '02.09.2019', 'Coronel', 'https://robohash.org/nihilevenietearum.jpg?size=50x50&set=set1', '15.12.2019');
insert into profiles (user_id, sex, birthday, hometown, photo_path, updated_at) values (87, 'F', '01.05.2019', 'Khoronk’', 'https://robohash.org/autdictaqui.png?size=50x50&set=set1', '24.06.2019');
insert into profiles (user_id, sex, birthday, hometown, photo_path, updated_at) values (88, 'F', '22.08.2019', 'Al Mughayyir', 'https://robohash.org/sunthicquam.jpg?size=50x50&set=set1', '29.03.2019');
insert into profiles (user_id, sex, birthday, hometown, photo_path, updated_at) values (89, 'M', '03.04.2019', 'Pirané', 'https://robohash.org/fugitautdistinctio.png?size=50x50&set=set1', '29.09.2019');
insert into profiles (user_id, sex, birthday, hometown, photo_path, updated_at) values (90, 'M', '19.04.2019', 'Borlänge', 'https://robohash.org/quiaporroeligendi.png?size=50x50&set=set1', '29.12.2018');
insert into profiles (user_id, sex, birthday, hometown, photo_path, updated_at) values (91, 'F', '04.01.2019', 'Solok', 'https://robohash.org/delectusidlibero.png?size=50x50&set=set1', '07.03.2019');
insert into profiles (user_id, sex, birthday, hometown, photo_path, updated_at) values (92, 'M', '27.10.2019', 'Miribanteng', 'https://robohash.org/temporedolorumunde.jpg?size=50x50&set=set1', '01.04.2019');
insert into profiles (user_id, sex, birthday, hometown, photo_path, updated_at) values (93, 'F', '07.09.2019', 'Valada', 'https://robohash.org/omnisestvoluptatem.bmp?size=50x50&set=set1', '20.03.2019');
insert into profiles (user_id, sex, birthday, hometown, photo_path, updated_at) values (94, 'M', '19.06.2019', 'Changning', 'https://robohash.org/nonvoluptatemnumquam.bmp?size=50x50&set=set1', '26.02.2019');
insert into profiles (user_id, sex, birthday, hometown, photo_path, updated_at) values (95, 'M', '09.06.2019', 'Kairouan', 'https://robohash.org/saepeetomnis.bmp?size=50x50&set=set1', '10.06.2019');
insert into profiles (user_id, sex, birthday, hometown, photo_path, updated_at) values (96, 'F', '21.07.2019', 'Dachuan', 'https://robohash.org/delectusexpeditadolore.bmp?size=50x50&set=set1', '25.02.2019');
insert into profiles (user_id, sex, birthday, hometown, photo_path, updated_at) values (97, 'M', '03.06.2019', 'Thị Trấn Hát Lót', 'https://robohash.org/quisadmodi.jpg?size=50x50&set=set1', '11.01.2019');
insert into profiles (user_id, sex, birthday, hometown, photo_path, updated_at) values (98, 'F', '01.08.2019', 'Kupchino', 'https://robohash.org/solutaasperioresdolores.jpg?size=50x50&set=set1', '01.05.2019');
insert into profiles (user_id, sex, birthday, hometown, photo_path, updated_at) values (99, 'M', '11.04.2019', 'Náklo', 'https://robohash.org/etliberonobis.jpg?size=50x50&set=set1', '08.05.2019');
insert into profiles (user_id, sex, birthday, hometown, photo_path, updated_at) values (100, 'M', '21.04.2019', 'Cineumbeuy', 'https://robohash.org/etdoloremfugit.png?size=50x50&set=set1', '06.08.2019');

-- messages

insert into messages (id, from_user_id, to_user_id, body, is_important, is_delivered, is_read) values (1, 1, 1, 'Ut tellus. Nulla ut erat id mauris vulputate elementum. Nullam varius. Nulla facilisi. Cras non velit nec nisi vulputate nonummy. Maecenas tincidunt lacus at velit. Vivamus vel nulla eget eros elementum pellentesque. Quisque porta volutpat erat. Quisque erat eros, viverra eget, congue eget, semper rutrum, nulla. Nunc purus.', true, false, false);
insert into messages (id, from_user_id, to_user_id, body, is_important, is_delivered, is_read) values (2, 2, 2, 'Vestibulum ac est lacinia nisi venenatis tristique. Fusce congue, diam id ornare imperdiet, sapien urna pretium nisl, ut volutpat sapien arcu sed augue.', true, true, false);
insert into messages (id, from_user_id, to_user_id, body, is_important, is_delivered, is_read) values (3, 3, 3, 'Nullam sit amet turpis elementum ligula vehicula consequat. Morbi a ipsum. Integer a nibh. In quis justo. Maecenas rhoncus aliquam lacus. Morbi quis tortor id nulla ultrices aliquet. Maecenas leo odio, condimentum id, luctus nec, molestie sed, justo.', true, false, false);
insert into messages (id, from_user_id, to_user_id, body, is_important, is_delivered, is_read) values (4, 4, 4, 'Suspendisse potenti. Cras in purus eu magna vulputate luctus. Cum sociis natoque penatibus et magnis dis parturient montes, nascetur ridiculus mus. Vivamus vestibulum sagittis sapien. Cum sociis natoque penatibus et magnis dis parturient montes, nascetur ridiculus mus. Etiam vel augue. Vestibulum rutrum rutrum neque. Aenean auctor gravida sem. Praesent id massa id nisl venenatis lacinia.', true, false, false);
insert into messages (id, from_user_id, to_user_id, body, is_important, is_delivered, is_read) values (5, 5, 5, 'Nullam molestie nibh in lectus.', false, false, true);
insert into messages (id, from_user_id, to_user_id, body, is_important, is_delivered, is_read) values (6, 6, 6, 'Vestibulum ante ipsum primis in faucibus orci luctus et ultrices posuere cubilia Curae; Donec pharetra, magna vestibulum aliquet ultrices, erat tortor sollicitudin mi, sit amet lobortis sapien sapien non mi. Integer ac neque. Duis bibendum. Morbi non quam nec dui luctus rutrum. Nulla tellus. In sagittis dui vel nisl. Duis ac nibh. Fusce lacus purus, aliquet at, feugiat non, pretium quis, lectus. Suspendisse potenti. In eleifend quam a odio.', true, false, false);
insert into messages (id, from_user_id, to_user_id, body, is_important, is_delivered, is_read) values (7, 7, 7, 'In congue. Etiam justo. Etiam pretium iaculis justo. In hac habitasse platea dictumst. Etiam faucibus cursus urna. Ut tellus.', true, false, true);
insert into messages (id, from_user_id, to_user_id, body, is_important, is_delivered, is_read) values (8, 8, 8, 'Etiam vel augue. Vestibulum rutrum rutrum neque. Aenean auctor gravida sem. Praesent id massa id nisl venenatis lacinia. Aenean sit amet justo. Morbi ut odio. Cras mi pede, malesuada in, imperdiet et, commodo vulputate, justo. In blandit ultrices enim. Lorem ipsum dolor sit amet, consectetuer adipiscing elit.', false, true, false);
insert into messages (id, from_user_id, to_user_id, body, is_important, is_delivered, is_read) values (9, 9, 9, 'Nulla suscipit ligula in lacus. Curabitur at ipsum ac tellus semper interdum. Mauris ullamcorper purus sit amet nulla. Quisque arcu libero, rutrum ac, lobortis vel, dapibus at, diam. Nam tristique tortor eu pede.', true, false, true);
insert into messages (id, from_user_id, to_user_id, body, is_important, is_delivered, is_read) values (10, 10, 10, 'Vestibulum ante ipsum primis in faucibus orci luctus et ultrices posuere cubilia Curae; Mauris viverra diam vitae quam. Suspendisse potenti. Nullam porttitor lacus at turpis.', false, false, true);
insert into messages (id, from_user_id, to_user_id, body, is_important, is_delivered, is_read) values (11, 11, 11, 'Nam nulla. Integer pede justo, lacinia eget, tincidunt eget, tempus vel, pede. Morbi porttitor lorem id ligula. Suspendisse ornare consequat lectus. In est risus, auctor sed, tristique in, tempus sit amet, sem. Fusce consequat. Nulla nisl. Nunc nisl. Duis bibendum, felis sed interdum venenatis, turpis enim blandit mi, in porttitor pede justo eu massa. Donec dapibus.', false, false, true);
insert into messages (id, from_user_id, to_user_id, body, is_important, is_delivered, is_read) values (12, 12, 12, 'Nullam orci pede, venenatis non, sodales sed, tincidunt eu, felis. Fusce posuere felis sed lacus. Morbi sem mauris, laoreet ut, rhoncus aliquet, pulvinar sed, nisl. Nunc rhoncus dui vel sem. Sed sagittis.', false, true, true);
insert into messages (id, from_user_id, to_user_id, body, is_important, is_delivered, is_read) values (13, 13, 13, 'Proin at turpis a pede posuere nonummy. Integer non velit. Donec diam neque, vestibulum eget, vulputate ut, ultrices vel, augue.', true, false, false);
insert into messages (id, from_user_id, to_user_id, body, is_important, is_delivered, is_read) values (14, 14, 14, 'Quisque erat eros, viverra eget, congue eget, semper rutrum, nulla. Nunc purus. Phasellus in felis. Donec semper sapien a libero. Nam dui.', false, true, true);
insert into messages (id, from_user_id, to_user_id, body, is_important, is_delivered, is_read) values (15, 15, 15, 'Integer tincidunt ante vel ipsum. Praesent blandit lacinia erat.', false, true, false);
insert into messages (id, from_user_id, to_user_id, body, is_important, is_delivered, is_read) values (16, 16, 16, 'Integer ac leo. Pellentesque ultrices mattis odio.', false, true, false);
insert into messages (id, from_user_id, to_user_id, body, is_important, is_delivered, is_read) values (17, 17, 17, 'Donec vitae nisi. Nam ultrices, libero non mattis pulvinar, nulla pede ullamcorper augue, a suscipit nulla elit ac nulla. Sed vel enim sit amet nunc viverra dapibus. Nulla suscipit ligula in lacus.', false, true, false);
insert into messages (id, from_user_id, to_user_id, body, is_important, is_delivered, is_read) values (18, 18, 18, 'Duis aliquam convallis nunc. Proin at turpis a pede posuere nonummy. Integer non velit. Donec diam neque, vestibulum eget, vulputate ut, ultrices vel, augue.', false, false, true);
insert into messages (id, from_user_id, to_user_id, body, is_important, is_delivered, is_read) values (19, 19, 19, 'Vestibulum ante ipsum primis in faucibus orci luctus et ultrices posuere cubilia Curae; Nulla dapibus dolor vel est. Donec odio justo, sollicitudin ut, suscipit a, feugiat et, eros. Vestibulum ac est lacinia nisi venenatis tristique. Fusce congue, diam id ornare imperdiet, sapien urna pretium nisl, ut volutpat sapien arcu sed augue. Aliquam erat volutpat. In congue. Etiam justo. Etiam pretium iaculis justo. In hac habitasse platea dictumst.', true, true, true);
insert into messages (id, from_user_id, to_user_id, body, is_important, is_delivered, is_read) values (20, 20, 20, 'Mauris enim leo, rhoncus sed, vestibulum sit amet, cursus id, turpis. Integer aliquet, massa id lobortis convallis, tortor risus dapibus augue, vel accumsan tellus nisi eu orci. Mauris lacinia sapien quis libero. Nullam sit amet turpis elementum ligula vehicula consequat. Morbi a ipsum.', false, true, false);
insert into messages (id, from_user_id, to_user_id, body, is_important, is_delivered, is_read) values (21, 21, 21, 'Cum sociis natoque penatibus et magnis dis parturient montes, nascetur ridiculus mus. Etiam vel augue. Vestibulum rutrum rutrum neque. Aenean auctor gravida sem.', false, false, false);
insert into messages (id, from_user_id, to_user_id, body, is_important, is_delivered, is_read) values (22, 22, 22, 'Maecenas tristique, est et tempus semper, est quam pharetra magna, ac consequat metus sapien ut nunc. Vestibulum ante ipsum primis in faucibus orci luctus et ultrices posuere cubilia Curae; Mauris viverra diam vitae quam. Suspendisse potenti. Nullam porttitor lacus at turpis. Donec posuere metus vitae ipsum. Aliquam non mauris. Morbi non lectus. Aliquam sit amet diam in magna bibendum imperdiet. Nullam orci pede, venenatis non, sodales sed, tincidunt eu, felis. Fusce posuere felis sed lacus.', false, true, false);
insert into messages (id, from_user_id, to_user_id, body, is_important, is_delivered, is_read) values (23, 23, 23, 'Integer non velit. Donec diam neque, vestibulum eget, vulputate ut, ultrices vel, augue. Vestibulum ante ipsum primis in faucibus orci luctus et ultrices posuere cubilia Curae; Donec pharetra, magna vestibulum aliquet ultrices, erat tortor sollicitudin mi, sit amet lobortis sapien sapien non mi. Integer ac neque. Duis bibendum. Morbi non quam nec dui luctus rutrum. Nulla tellus. In sagittis dui vel nisl. Duis ac nibh.', false, false, true);
insert into messages (id, from_user_id, to_user_id, body, is_important, is_delivered, is_read) values (24, 24, 24, 'Integer pede justo, lacinia eget, tincidunt eget, tempus vel, pede. Morbi porttitor lorem id ligula. Suspendisse ornare consequat lectus. In est risus, auctor sed, tristique in, tempus sit amet, sem. Fusce consequat.', true, false, false);
insert into messages (id, from_user_id, to_user_id, body, is_important, is_delivered, is_read) values (25, 25, 25, 'Aliquam quis turpis eget elit sodales scelerisque. Mauris sit amet eros. Suspendisse accumsan tortor quis turpis. Sed ante.', false, true, true);
insert into messages (id, from_user_id, to_user_id, body, is_important, is_delivered, is_read) values (26, 26, 26, 'Duis aliquam convallis nunc. Proin at turpis a pede posuere nonummy. Integer non velit.', false, false, true);
insert into messages (id, from_user_id, to_user_id, body, is_important, is_delivered, is_read) values (27, 27, 27, 'Donec posuere metus vitae ipsum. Aliquam non mauris. Morbi non lectus. Aliquam sit amet diam in magna bibendum imperdiet. Nullam orci pede, venenatis non, sodales sed, tincidunt eu, felis. Fusce posuere felis sed lacus. Morbi sem mauris, laoreet ut, rhoncus aliquet, pulvinar sed, nisl. Nunc rhoncus dui vel sem.', false, false, true);
insert into messages (id, from_user_id, to_user_id, body, is_important, is_delivered, is_read) values (28, 28, 28, 'Curabitur in libero ut massa volutpat convallis. Morbi odio odio, elementum eu, interdum eu, tincidunt in, leo. Maecenas pulvinar lobortis est. Phasellus sit amet erat. Nulla tempus. Vivamus in felis eu sapien cursus vestibulum. Proin eu mi. Nulla ac enim. In tempor, turpis nec euismod scelerisque, quam turpis adipiscing lorem, vitae mattis nibh ligula nec sem. Duis aliquam convallis nunc.', false, false, true);
insert into messages (id, from_user_id, to_user_id, body, is_important, is_delivered, is_read) values (29, 29, 29, 'Aenean fermentum. Donec ut mauris eget massa tempor convallis. Nulla neque libero, convallis eget, eleifend luctus, ultricies eu, nibh. Quisque id justo sit amet sapien dignissim vestibulum. Vestibulum ante ipsum primis in faucibus orci luctus et ultrices posuere cubilia Curae; Nulla dapibus dolor vel est. Donec odio justo, sollicitudin ut, suscipit a, feugiat et, eros. Vestibulum ac est lacinia nisi venenatis tristique.', true, true, true);
insert into messages (id, from_user_id, to_user_id, body, is_important, is_delivered, is_read) values (30, 30, 30, 'Etiam vel augue. Vestibulum rutrum rutrum neque. Aenean auctor gravida sem. Praesent id massa id nisl venenatis lacinia. Aenean sit amet justo. Morbi ut odio. Cras mi pede, malesuada in, imperdiet et, commodo vulputate, justo. In blandit ultrices enim. Lorem ipsum dolor sit amet, consectetuer adipiscing elit. Proin interdum mauris non ligula pellentesque ultrices.', false, true, true);
insert into messages (id, from_user_id, to_user_id, body, is_important, is_delivered, is_read) values (31, 31, 31, 'In sagittis dui vel nisl. Duis ac nibh. Fusce lacus purus, aliquet at, feugiat non, pretium quis, lectus. Suspendisse potenti.', true, false, true);
insert into messages (id, from_user_id, to_user_id, body, is_important, is_delivered, is_read) values (32, 32, 32, 'Integer a nibh. In quis justo. Maecenas rhoncus aliquam lacus. Morbi quis tortor id nulla ultrices aliquet. Maecenas leo odio, condimentum id, luctus nec, molestie sed, justo. Pellentesque viverra pede ac diam. Cras pellentesque volutpat dui. Maecenas tristique, est et tempus semper, est quam pharetra magna, ac consequat metus sapien ut nunc. Vestibulum ante ipsum primis in faucibus orci luctus et ultrices posuere cubilia Curae; Mauris viverra diam vitae quam. Suspendisse potenti.', true, false, true);
insert into messages (id, from_user_id, to_user_id, body, is_important, is_delivered, is_read) values (33, 33, 33, 'In blandit ultrices enim. Lorem ipsum dolor sit amet, consectetuer adipiscing elit. Proin interdum mauris non ligula pellentesque ultrices. Phasellus id sapien in sapien iaculis congue. Vivamus metus arcu, adipiscing molestie, hendrerit at, vulputate vitae, nisl.', true, true, false);
insert into messages (id, from_user_id, to_user_id, body, is_important, is_delivered, is_read) values (34, 34, 34, 'Vestibulum ante ipsum primis in faucibus orci luctus et ultrices posuere cubilia Curae; Mauris viverra diam vitae quam. Suspendisse potenti. Nullam porttitor lacus at turpis. Donec posuere metus vitae ipsum.', false, false, true);
insert into messages (id, from_user_id, to_user_id, body, is_important, is_delivered, is_read) values (35, 35, 35, 'Suspendisse potenti. Cras in purus eu magna vulputate luctus. Cum sociis natoque penatibus et magnis dis parturient montes, nascetur ridiculus mus. Vivamus vestibulum sagittis sapien. Cum sociis natoque penatibus et magnis dis parturient montes, nascetur ridiculus mus. Etiam vel augue. Vestibulum rutrum rutrum neque. Aenean auctor gravida sem.', true, true, false);
insert into messages (id, from_user_id, to_user_id, body, is_important, is_delivered, is_read) values (36, 36, 36, 'Duis ac nibh. Fusce lacus purus, aliquet at, feugiat non, pretium quis, lectus. Suspendisse potenti.', true, false, false);
insert into messages (id, from_user_id, to_user_id, body, is_important, is_delivered, is_read) values (37, 37, 37, 'Duis aliquam convallis nunc. Proin at turpis a pede posuere nonummy. Integer non velit. Donec diam neque, vestibulum eget, vulputate ut, ultrices vel, augue. Vestibulum ante ipsum primis in faucibus orci luctus et ultrices posuere cubilia Curae; Donec pharetra, magna vestibulum aliquet ultrices, erat tortor sollicitudin mi, sit amet lobortis sapien sapien non mi. Integer ac neque. Duis bibendum. Morbi non quam nec dui luctus rutrum.', false, false, true);
insert into messages (id, from_user_id, to_user_id, body, is_important, is_delivered, is_read) values (38, 38, 38, 'Morbi a ipsum.', true, false, true);
insert into messages (id, from_user_id, to_user_id, body, is_important, is_delivered, is_read) values (39, 39, 39, 'Aenean auctor gravida sem. Praesent id massa id nisl venenatis lacinia. Aenean sit amet justo. Morbi ut odio. Cras mi pede, malesuada in, imperdiet et, commodo vulputate, justo. In blandit ultrices enim. Lorem ipsum dolor sit amet, consectetuer adipiscing elit. Proin interdum mauris non ligula pellentesque ultrices.', true, true, true);
insert into messages (id, from_user_id, to_user_id, body, is_important, is_delivered, is_read) values (40, 40, 40, 'Proin eu mi.', false, true, true);
insert into messages (id, from_user_id, to_user_id, body, is_important, is_delivered, is_read) values (41, 41, 41, 'Maecenas leo odio, condimentum id, luctus nec, molestie sed, justo. Pellentesque viverra pede ac diam. Cras pellentesque volutpat dui. Maecenas tristique, est et tempus semper, est quam pharetra magna, ac consequat metus sapien ut nunc. Vestibulum ante ipsum primis in faucibus orci luctus et ultrices posuere cubilia Curae; Mauris viverra diam vitae quam. Suspendisse potenti.', true, false, false);
insert into messages (id, from_user_id, to_user_id, body, is_important, is_delivered, is_read) values (42, 42, 42, 'Nullam molestie nibh in lectus. Pellentesque at nulla. Suspendisse potenti. Cras in purus eu magna vulputate luctus. Cum sociis natoque penatibus et magnis dis parturient montes, nascetur ridiculus mus. Vivamus vestibulum sagittis sapien.', true, false, false);
insert into messages (id, from_user_id, to_user_id, body, is_important, is_delivered, is_read) values (43, 43, 43, 'Nunc purus. Phasellus in felis. Donec semper sapien a libero. Nam dui. Proin leo odio, porttitor id, consequat in, consequat ut, nulla. Sed accumsan felis.', false, false, true);
insert into messages (id, from_user_id, to_user_id, body, is_important, is_delivered, is_read) values (44, 44, 44, 'Donec diam neque, vestibulum eget, vulputate ut, ultrices vel, augue. Vestibulum ante ipsum primis in faucibus orci luctus et ultrices posuere cubilia Curae; Donec pharetra, magna vestibulum aliquet ultrices, erat tortor sollicitudin mi, sit amet lobortis sapien sapien non mi. Integer ac neque. Duis bibendum. Morbi non quam nec dui luctus rutrum. Nulla tellus. In sagittis dui vel nisl.', false, false, true);
insert into messages (id, from_user_id, to_user_id, body, is_important, is_delivered, is_read) values (45, 45, 45, 'Nam ultrices, libero non mattis pulvinar, nulla pede ullamcorper augue, a suscipit nulla elit ac nulla. Sed vel enim sit amet nunc viverra dapibus. Nulla suscipit ligula in lacus. Curabitur at ipsum ac tellus semper interdum.', false, false, false);
insert into messages (id, from_user_id, to_user_id, body, is_important, is_delivered, is_read) values (46, 46, 46, 'Duis bibendum. Morbi non quam nec dui luctus rutrum. Nulla tellus. In sagittis dui vel nisl. Duis ac nibh. Fusce lacus purus, aliquet at, feugiat non, pretium quis, lectus. Suspendisse potenti.', false, false, true);
insert into messages (id, from_user_id, to_user_id, body, is_important, is_delivered, is_read) values (47, 47, 47, 'Vestibulum ante ipsum primis in faucibus orci luctus et ultrices posuere cubilia Curae; Duis faucibus accumsan odio. Curabitur convallis.', false, true, true);
insert into messages (id, from_user_id, to_user_id, body, is_important, is_delivered, is_read) values (48, 48, 48, 'Curabitur gravida nisi at nibh. In hac habitasse platea dictumst. Aliquam augue quam, sollicitudin vitae, consectetuer eget, rutrum at, lorem. Integer tincidunt ante vel ipsum. Praesent blandit lacinia erat. Vestibulum sed magna at nunc commodo placerat. Praesent blandit. Nam nulla.', false, false, false);
insert into messages (id, from_user_id, to_user_id, body, is_important, is_delivered, is_read) values (49, 49, 49, 'Nulla facilisi. Cras non velit nec nisi vulputate nonummy. Maecenas tincidunt lacus at velit.', true, true, false);
insert into messages (id, from_user_id, to_user_id, body, is_important, is_delivered, is_read) values (50, 50, 50, 'Duis ac nibh. Fusce lacus purus, aliquet at, feugiat non, pretium quis, lectus. Suspendisse potenti. In eleifend quam a odio. In hac habitasse platea dictumst.', true, false, false);
insert into messages (id, from_user_id, to_user_id, body, is_important, is_delivered, is_read) values (51, 51, 51, 'Morbi quis tortor id nulla ultrices aliquet. Maecenas leo odio, condimentum id, luctus nec, molestie sed, justo. Pellentesque viverra pede ac diam. Cras pellentesque volutpat dui. Maecenas tristique, est et tempus semper, est quam pharetra magna, ac consequat metus sapien ut nunc. Vestibulum ante ipsum primis in faucibus orci luctus et ultrices posuere cubilia Curae; Mauris viverra diam vitae quam.', true, false, false);
insert into messages (id, from_user_id, to_user_id, body, is_important, is_delivered, is_read) values (52, 52, 52, 'Integer aliquet, massa id lobortis convallis, tortor risus dapibus augue, vel accumsan tellus nisi eu orci. Mauris lacinia sapien quis libero. Nullam sit amet turpis elementum ligula vehicula consequat. Morbi a ipsum. Integer a nibh.', false, false, true);
insert into messages (id, from_user_id, to_user_id, body, is_important, is_delivered, is_read) values (53, 53, 53, 'Integer ac leo. Pellentesque ultrices mattis odio. Donec vitae nisi. Nam ultrices, libero non mattis pulvinar, nulla pede ullamcorper augue, a suscipit nulla elit ac nulla. Sed vel enim sit amet nunc viverra dapibus. Nulla suscipit ligula in lacus. Curabitur at ipsum ac tellus semper interdum. Mauris ullamcorper purus sit amet nulla. Quisque arcu libero, rutrum ac, lobortis vel, dapibus at, diam. Nam tristique tortor eu pede.', false, true, false);
insert into messages (id, from_user_id, to_user_id, body, is_important, is_delivered, is_read) values (54, 54, 54, 'Vestibulum ante ipsum primis in faucibus orci luctus et ultrices posuere cubilia Curae; Mauris viverra diam vitae quam. Suspendisse potenti. Nullam porttitor lacus at turpis. Donec posuere metus vitae ipsum. Aliquam non mauris. Morbi non lectus. Aliquam sit amet diam in magna bibendum imperdiet. Nullam orci pede, venenatis non, sodales sed, tincidunt eu, felis. Fusce posuere felis sed lacus. Morbi sem mauris, laoreet ut, rhoncus aliquet, pulvinar sed, nisl.', false, false, true);
insert into messages (id, from_user_id, to_user_id, body, is_important, is_delivered, is_read) values (55, 55, 55, 'Duis ac nibh. Fusce lacus purus, aliquet at, feugiat non, pretium quis, lectus. Suspendisse potenti.', false, true, true);
insert into messages (id, from_user_id, to_user_id, body, is_important, is_delivered, is_read) values (56, 56, 56, 'Integer pede justo, lacinia eget, tincidunt eget, tempus vel, pede. Morbi porttitor lorem id ligula. Suspendisse ornare consequat lectus. In est risus, auctor sed, tristique in, tempus sit amet, sem.', true, true, false);
insert into messages (id, from_user_id, to_user_id, body, is_important, is_delivered, is_read) values (57, 57, 57, 'Nullam sit amet turpis elementum ligula vehicula consequat. Morbi a ipsum. Integer a nibh.', true, true, true);
insert into messages (id, from_user_id, to_user_id, body, is_important, is_delivered, is_read) values (58, 58, 58, 'Praesent id massa id nisl venenatis lacinia. Aenean sit amet justo. Morbi ut odio. Cras mi pede, malesuada in, imperdiet et, commodo vulputate, justo. In blandit ultrices enim.', false, false, false);
insert into messages (id, from_user_id, to_user_id, body, is_important, is_delivered, is_read) values (59, 59, 59, 'Suspendisse ornare consequat lectus. In est risus, auctor sed, tristique in, tempus sit amet, sem. Fusce consequat. Nulla nisl. Nunc nisl. Duis bibendum, felis sed interdum venenatis, turpis enim blandit mi, in porttitor pede justo eu massa. Donec dapibus. Duis at velit eu est congue elementum. In hac habitasse platea dictumst. Morbi vestibulum, velit id pretium iaculis, diam erat fermentum justo, nec condimentum neque sapien placerat ante.', false, false, true);
insert into messages (id, from_user_id, to_user_id, body, is_important, is_delivered, is_read) values (60, 60, 60, 'Vivamus metus arcu, adipiscing molestie, hendrerit at, vulputate vitae, nisl. Aenean lectus.', false, true, true);
insert into messages (id, from_user_id, to_user_id, body, is_important, is_delivered, is_read) values (61, 61, 61, 'Nullam porttitor lacus at turpis. Donec posuere metus vitae ipsum. Aliquam non mauris. Morbi non lectus. Aliquam sit amet diam in magna bibendum imperdiet. Nullam orci pede, venenatis non, sodales sed, tincidunt eu, felis.', false, false, true);
insert into messages (id, from_user_id, to_user_id, body, is_important, is_delivered, is_read) values (62, 62, 62, 'In blandit ultrices enim. Lorem ipsum dolor sit amet, consectetuer adipiscing elit. Proin interdum mauris non ligula pellentesque ultrices. Phasellus id sapien in sapien iaculis congue. Vivamus metus arcu, adipiscing molestie, hendrerit at, vulputate vitae, nisl. Aenean lectus.', false, false, false);
insert into messages (id, from_user_id, to_user_id, body, is_important, is_delivered, is_read) values (63, 63, 63, 'Quisque id justo sit amet sapien dignissim vestibulum. Vestibulum ante ipsum primis in faucibus orci luctus et ultrices posuere cubilia Curae; Nulla dapibus dolor vel est. Donec odio justo, sollicitudin ut, suscipit a, feugiat et, eros. Vestibulum ac est lacinia nisi venenatis tristique. Fusce congue, diam id ornare imperdiet, sapien urna pretium nisl, ut volutpat sapien arcu sed augue. Aliquam erat volutpat. In congue.', true, false, true);
insert into messages (id, from_user_id, to_user_id, body, is_important, is_delivered, is_read) values (64, 64, 64, 'Lorem ipsum dolor sit amet, consectetuer adipiscing elit. Proin risus. Praesent lectus.', true, false, true);
insert into messages (id, from_user_id, to_user_id, body, is_important, is_delivered, is_read) values (65, 65, 65, 'Nullam orci pede, venenatis non, sodales sed, tincidunt eu, felis. Fusce posuere felis sed lacus. Morbi sem mauris, laoreet ut, rhoncus aliquet, pulvinar sed, nisl.', false, true, false);
insert into messages (id, from_user_id, to_user_id, body, is_important, is_delivered, is_read) values (66, 66, 66, 'Morbi a ipsum. Integer a nibh. In quis justo. Maecenas rhoncus aliquam lacus. Morbi quis tortor id nulla ultrices aliquet. Maecenas leo odio, condimentum id, luctus nec, molestie sed, justo. Pellentesque viverra pede ac diam.', true, true, true);
insert into messages (id, from_user_id, to_user_id, body, is_important, is_delivered, is_read) values (67, 67, 67, 'Curabitur gravida nisi at nibh. In hac habitasse platea dictumst. Aliquam augue quam, sollicitudin vitae, consectetuer eget, rutrum at, lorem.', true, true, true);
insert into messages (id, from_user_id, to_user_id, body, is_important, is_delivered, is_read) values (68, 68, 68, 'Sed sagittis. Nam congue, risus semper porta volutpat, quam pede lobortis ligula, sit amet eleifend pede libero quis orci. Nullam molestie nibh in lectus. Pellentesque at nulla. Suspendisse potenti. Cras in purus eu magna vulputate luctus.', true, false, true);
insert into messages (id, from_user_id, to_user_id, body, is_important, is_delivered, is_read) values (69, 69, 69, 'Pellentesque viverra pede ac diam. Cras pellentesque volutpat dui. Maecenas tristique, est et tempus semper, est quam pharetra magna, ac consequat metus sapien ut nunc.', true, true, true);
insert into messages (id, from_user_id, to_user_id, body, is_important, is_delivered, is_read) values (70, 70, 70, 'Maecenas tincidunt lacus at velit. Vivamus vel nulla eget eros elementum pellentesque. Quisque porta volutpat erat. Quisque erat eros, viverra eget, congue eget, semper rutrum, nulla.', true, false, false);
insert into messages (id, from_user_id, to_user_id, body, is_important, is_delivered, is_read) values (71, 71, 71, 'Fusce lacus purus, aliquet at, feugiat non, pretium quis, lectus. Suspendisse potenti. In eleifend quam a odio. In hac habitasse platea dictumst. Maecenas ut massa quis augue luctus tincidunt.', true, false, false);
insert into messages (id, from_user_id, to_user_id, body, is_important, is_delivered, is_read) values (72, 72, 72, 'In blandit ultrices enim. Lorem ipsum dolor sit amet, consectetuer adipiscing elit. Proin interdum mauris non ligula pellentesque ultrices. Phasellus id sapien in sapien iaculis congue.', true, false, false);
insert into messages (id, from_user_id, to_user_id, body, is_important, is_delivered, is_read) values (73, 73, 73, 'Vivamus in felis eu sapien cursus vestibulum. Proin eu mi. Nulla ac enim. In tempor, turpis nec euismod scelerisque, quam turpis adipiscing lorem, vitae mattis nibh ligula nec sem. Duis aliquam convallis nunc. Proin at turpis a pede posuere nonummy. Integer non velit.', false, true, false);
insert into messages (id, from_user_id, to_user_id, body, is_important, is_delivered, is_read) values (74, 74, 74, 'Maecenas pulvinar lobortis est. Phasellus sit amet erat. Nulla tempus. Vivamus in felis eu sapien cursus vestibulum. Proin eu mi. Nulla ac enim. In tempor, turpis nec euismod scelerisque, quam turpis adipiscing lorem, vitae mattis nibh ligula nec sem. Duis aliquam convallis nunc.', true, false, false);
insert into messages (id, from_user_id, to_user_id, body, is_important, is_delivered, is_read) values (75, 75, 75, 'Maecenas ut massa quis augue luctus tincidunt. Nulla mollis molestie lorem. Quisque ut erat. Curabitur gravida nisi at nibh. In hac habitasse platea dictumst. Aliquam augue quam, sollicitudin vitae, consectetuer eget, rutrum at, lorem. Integer tincidunt ante vel ipsum. Praesent blandit lacinia erat. Vestibulum sed magna at nunc commodo placerat.', true, false, true);
insert into messages (id, from_user_id, to_user_id, body, is_important, is_delivered, is_read) values (76, 76, 76, 'In hac habitasse platea dictumst. Morbi vestibulum, velit id pretium iaculis, diam erat fermentum justo, nec condimentum neque sapien placerat ante. Nulla justo. Aliquam quis turpis eget elit sodales scelerisque. Mauris sit amet eros. Suspendisse accumsan tortor quis turpis. Sed ante. Vivamus tortor. Duis mattis egestas metus.', false, false, true);
insert into messages (id, from_user_id, to_user_id, body, is_important, is_delivered, is_read) values (77, 77, 77, 'Sed sagittis. Nam congue, risus semper porta volutpat, quam pede lobortis ligula, sit amet eleifend pede libero quis orci. Nullam molestie nibh in lectus. Pellentesque at nulla. Suspendisse potenti. Cras in purus eu magna vulputate luctus.', true, false, false);
insert into messages (id, from_user_id, to_user_id, body, is_important, is_delivered, is_read) values (78, 78, 78, 'Aliquam augue quam, sollicitudin vitae, consectetuer eget, rutrum at, lorem. Integer tincidunt ante vel ipsum. Praesent blandit lacinia erat. Vestibulum sed magna at nunc commodo placerat. Praesent blandit. Nam nulla. Integer pede justo, lacinia eget, tincidunt eget, tempus vel, pede. Morbi porttitor lorem id ligula. Suspendisse ornare consequat lectus. In est risus, auctor sed, tristique in, tempus sit amet, sem.', false, false, false);
insert into messages (id, from_user_id, to_user_id, body, is_important, is_delivered, is_read) values (79, 79, 79, 'Maecenas tincidunt lacus at velit. Vivamus vel nulla eget eros elementum pellentesque. Quisque porta volutpat erat. Quisque erat eros, viverra eget, congue eget, semper rutrum, nulla. Nunc purus. Phasellus in felis. Donec semper sapien a libero.', false, true, true);
insert into messages (id, from_user_id, to_user_id, body, is_important, is_delivered, is_read) values (80, 80, 80, 'Integer pede justo, lacinia eget, tincidunt eget, tempus vel, pede. Morbi porttitor lorem id ligula. Suspendisse ornare consequat lectus. In est risus, auctor sed, tristique in, tempus sit amet, sem. Fusce consequat. Nulla nisl. Nunc nisl.', true, true, true);
insert into messages (id, from_user_id, to_user_id, body, is_important, is_delivered, is_read) values (81, 81, 81, 'Etiam faucibus cursus urna. Ut tellus. Nulla ut erat id mauris vulputate elementum.', false, false, false);
insert into messages (id, from_user_id, to_user_id, body, is_important, is_delivered, is_read) values (82, 82, 82, 'Donec dapibus. Duis at velit eu est congue elementum. In hac habitasse platea dictumst. Morbi vestibulum, velit id pretium iaculis, diam erat fermentum justo, nec condimentum neque sapien placerat ante. Nulla justo. Aliquam quis turpis eget elit sodales scelerisque.', false, false, true);
insert into messages (id, from_user_id, to_user_id, body, is_important, is_delivered, is_read) values (83, 83, 83, 'Phasellus sit amet erat. Nulla tempus. Vivamus in felis eu sapien cursus vestibulum. Proin eu mi.', true, false, true);
insert into messages (id, from_user_id, to_user_id, body, is_important, is_delivered, is_read) values (84, 84, 84, 'In tempor, turpis nec euismod scelerisque, quam turpis adipiscing lorem, vitae mattis nibh ligula nec sem. Duis aliquam convallis nunc. Proin at turpis a pede posuere nonummy. Integer non velit. Donec diam neque, vestibulum eget, vulputate ut, ultrices vel, augue. Vestibulum ante ipsum primis in faucibus orci luctus et ultrices posuere cubilia Curae; Donec pharetra, magna vestibulum aliquet ultrices, erat tortor sollicitudin mi, sit amet lobortis sapien sapien non mi. Integer ac neque. Duis bibendum.', true, false, false);
insert into messages (id, from_user_id, to_user_id, body, is_important, is_delivered, is_read) values (85, 85, 85, 'Etiam vel augue. Vestibulum rutrum rutrum neque. Aenean auctor gravida sem. Praesent id massa id nisl venenatis lacinia. Aenean sit amet justo. Morbi ut odio. Cras mi pede, malesuada in, imperdiet et, commodo vulputate, justo. In blandit ultrices enim. Lorem ipsum dolor sit amet, consectetuer adipiscing elit. Proin interdum mauris non ligula pellentesque ultrices.', false, true, false);
insert into messages (id, from_user_id, to_user_id, body, is_important, is_delivered, is_read) values (86, 86, 86, 'Praesent id massa id nisl venenatis lacinia. Aenean sit amet justo. Morbi ut odio. Cras mi pede, malesuada in, imperdiet et, commodo vulputate, justo.', false, true, true);
insert into messages (id, from_user_id, to_user_id, body, is_important, is_delivered, is_read) values (87, 87, 87, 'Nam congue, risus semper porta volutpat, quam pede lobortis ligula, sit amet eleifend pede libero quis orci. Nullam molestie nibh in lectus. Pellentesque at nulla. Suspendisse potenti. Cras in purus eu magna vulputate luctus.', true, true, false);
insert into messages (id, from_user_id, to_user_id, body, is_important, is_delivered, is_read) values (88, 88, 88, 'Phasellus id sapien in sapien iaculis congue. Vivamus metus arcu, adipiscing molestie, hendrerit at, vulputate vitae, nisl. Aenean lectus. Pellentesque eget nunc. Donec quis orci eget orci vehicula condimentum. Curabitur in libero ut massa volutpat convallis. Morbi odio odio, elementum eu, interdum eu, tincidunt in, leo. Maecenas pulvinar lobortis est.', true, false, true);
insert into messages (id, from_user_id, to_user_id, body, is_important, is_delivered, is_read) values (89, 89, 89, 'Curabitur in libero ut massa volutpat convallis. Morbi odio odio, elementum eu, interdum eu, tincidunt in, leo. Maecenas pulvinar lobortis est. Phasellus sit amet erat. Nulla tempus.', false, true, true);
insert into messages (id, from_user_id, to_user_id, body, is_important, is_delivered, is_read) values (90, 90, 90, 'Cum sociis natoque penatibus et magnis dis parturient montes, nascetur ridiculus mus. Etiam vel augue. Vestibulum rutrum rutrum neque. Aenean auctor gravida sem. Praesent id massa id nisl venenatis lacinia. Aenean sit amet justo. Morbi ut odio.', false, true, true);
insert into messages (id, from_user_id, to_user_id, body, is_important, is_delivered, is_read) values (91, 91, 91, 'Vestibulum ante ipsum primis in faucibus orci luctus et ultrices posuere cubilia Curae; Duis faucibus accumsan odio. Curabitur convallis. Duis consequat dui nec nisi volutpat eleifend. Donec ut dolor. Morbi vel lectus in quam fringilla rhoncus. Mauris enim leo, rhoncus sed, vestibulum sit amet, cursus id, turpis. Integer aliquet, massa id lobortis convallis, tortor risus dapibus augue, vel accumsan tellus nisi eu orci.', true, true, true);
insert into messages (id, from_user_id, to_user_id, body, is_important, is_delivered, is_read) values (92, 92, 92, 'Praesent lectus. Vestibulum quam sapien, varius ut, blandit non, interdum in, ante. Vestibulum ante ipsum primis in faucibus orci luctus et ultrices posuere cubilia Curae; Duis faucibus accumsan odio. Curabitur convallis. Duis consequat dui nec nisi volutpat eleifend. Donec ut dolor. Morbi vel lectus in quam fringilla rhoncus. Mauris enim leo, rhoncus sed, vestibulum sit amet, cursus id, turpis. Integer aliquet, massa id lobortis convallis, tortor risus dapibus augue, vel accumsan tellus nisi eu orci. Mauris lacinia sapien quis libero.', true, true, false);
insert into messages (id, from_user_id, to_user_id, body, is_important, is_delivered, is_read) values (93, 93, 93, 'Nulla nisl. Nunc nisl. Duis bibendum, felis sed interdum venenatis, turpis enim blandit mi, in porttitor pede justo eu massa. Donec dapibus. Duis at velit eu est congue elementum. In hac habitasse platea dictumst. Morbi vestibulum, velit id pretium iaculis, diam erat fermentum justo, nec condimentum neque sapien placerat ante. Nulla justo. Aliquam quis turpis eget elit sodales scelerisque.', false, false, false);
insert into messages (id, from_user_id, to_user_id, body, is_important, is_delivered, is_read) values (94, 94, 94, 'In hac habitasse platea dictumst. Etiam faucibus cursus urna. Ut tellus. Nulla ut erat id mauris vulputate elementum. Nullam varius.', true, false, false);
insert into messages (id, from_user_id, to_user_id, body, is_important, is_delivered, is_read) values (95, 95, 95, 'Aliquam sit amet diam in magna bibendum imperdiet. Nullam orci pede, venenatis non, sodales sed, tincidunt eu, felis. Fusce posuere felis sed lacus. Morbi sem mauris, laoreet ut, rhoncus aliquet, pulvinar sed, nisl. Nunc rhoncus dui vel sem. Sed sagittis. Nam congue, risus semper porta volutpat, quam pede lobortis ligula, sit amet eleifend pede libero quis orci.', false, false, false);
insert into messages (id, from_user_id, to_user_id, body, is_important, is_delivered, is_read) values (96, 96, 96, 'Cras in purus eu magna vulputate luctus. Cum sociis natoque penatibus et magnis dis parturient montes, nascetur ridiculus mus. Vivamus vestibulum sagittis sapien. Cum sociis natoque penatibus et magnis dis parturient montes, nascetur ridiculus mus. Etiam vel augue. Vestibulum rutrum rutrum neque.', true, true, false);
insert into messages (id, from_user_id, to_user_id, body, is_important, is_delivered, is_read) values (97, 97, 97, 'Vestibulum ante ipsum primis in faucibus orci luctus et ultrices posuere cubilia Curae; Nulla dapibus dolor vel est. Donec odio justo, sollicitudin ut, suscipit a, feugiat et, eros. Vestibulum ac est lacinia nisi venenatis tristique. Fusce congue, diam id ornare imperdiet, sapien urna pretium nisl, ut volutpat sapien arcu sed augue. Aliquam erat volutpat. In congue. Etiam justo.', false, true, true);
insert into messages (id, from_user_id, to_user_id, body, is_important, is_delivered, is_read) values (98, 98, 98, 'Donec ut mauris eget massa tempor convallis. Nulla neque libero, convallis eget, eleifend luctus, ultricies eu, nibh.', false, true, true);
insert into messages (id, from_user_id, to_user_id, body, is_important, is_delivered, is_read) values (99, 99, 99, 'Donec semper sapien a libero. Nam dui. Proin leo odio, porttitor id, consequat in, consequat ut, nulla.', true, true, true);
insert into messages (id, from_user_id, to_user_id, body, is_important, is_delivered, is_read) values (100, 100, 100, 'Mauris lacinia sapien quis libero. Nullam sit amet turpis elementum ligula vehicula consequat.', false, false, true);

-- friendship 
insert into friendship (user_id, friend_id, status_id, requested_at, confirmed_at) values (1, 1, 1, '30.11.2019', '03.09.2019');
insert into friendship (user_id, friend_id, status_id, requested_at, confirmed_at) values (2, 2, 2, '17.04.2019', '12.04.2019');
insert into friendship (user_id, friend_id, status_id, requested_at, confirmed_at) values (3, 3, 3, '29.07.2019', '08.10.2019');
insert into friendship (user_id, friend_id, status_id, requested_at, confirmed_at) values (4, 4, 4, '05.07.2019', '16.12.2019');
insert into friendship (user_id, friend_id, status_id, requested_at, confirmed_at) values (5, 5, 5, '28.01.2019', '08.08.2019');
insert into friendship (user_id, friend_id, status_id, requested_at, confirmed_at) values (6, 6, 6, '26.03.2019', '19.06.2019');
insert into friendship (user_id, friend_id, status_id, requested_at, confirmed_at) values (7, 7, 7, '14.05.2019', '09.12.2019');
insert into friendship (user_id, friend_id, status_id, requested_at, confirmed_at) values (8, 8, 8, '20.12.2019', '01.01.2019');
insert into friendship (user_id, friend_id, status_id, requested_at, confirmed_at) values (9, 9, 9, '29.11.2019', '12.05.2019');
insert into friendship (user_id, friend_id, status_id, requested_at, confirmed_at) values (10, 10, 10, '02.12.2019', '09.10.2019');
insert into friendship (user_id, friend_id, status_id, requested_at, confirmed_at) values (11, 11, 11, '14.08.2019', '28.10.2019');
insert into friendship (user_id, friend_id, status_id, requested_at, confirmed_at) values (12, 12, 12, '06.04.2019', '23.12.2019');
insert into friendship (user_id, friend_id, status_id, requested_at, confirmed_at) values (13, 13, 13, '25.12.2019', '10.06.2019');
insert into friendship (user_id, friend_id, status_id, requested_at, confirmed_at) values (14, 14, 14, '11.02.2019', '13.08.2019');
insert into friendship (user_id, friend_id, status_id, requested_at, confirmed_at) values (15, 15, 15, '17.11.2019', '05.07.2019');
insert into friendship (user_id, friend_id, status_id, requested_at, confirmed_at) values (16, 16, 16, '15.07.2019', '21.02.2019');
insert into friendship (user_id, friend_id, status_id, requested_at, confirmed_at) values (17, 17, 17, '08.01.2019', '22.12.2019');
insert into friendship (user_id, friend_id, status_id, requested_at, confirmed_at) values (18, 18, 18, '14.08.2019', '01.02.2019');
insert into friendship (user_id, friend_id, status_id, requested_at, confirmed_at) values (19, 19, 19, '20.04.2019', '12.09.2019');
insert into friendship (user_id, friend_id, status_id, requested_at, confirmed_at) values (20, 20, 20, '05.07.2019', '07.09.2019');
insert into friendship (user_id, friend_id, status_id, requested_at, confirmed_at) values (21, 21, 21, '22.07.2019', '23.11.2019');
insert into friendship (user_id, friend_id, status_id, requested_at, confirmed_at) values (22, 22, 22, '01.03.2019', '27.06.2019');
insert into friendship (user_id, friend_id, status_id, requested_at, confirmed_at) values (23, 23, 23, '08.03.2019', '05.05.2019');
insert into friendship (user_id, friend_id, status_id, requested_at, confirmed_at) values (24, 24, 24, '16.10.2019', '21.10.2019');
insert into friendship (user_id, friend_id, status_id, requested_at, confirmed_at) values (25, 25, 25, '12.09.2019', '06.06.2019');
insert into friendship (user_id, friend_id, status_id, requested_at, confirmed_at) values (26, 26, 26, '05.07.2019', '27.06.2019');
insert into friendship (user_id, friend_id, status_id, requested_at, confirmed_at) values (27, 27, 27, '30.04.2019', '10.09.2019');
insert into friendship (user_id, friend_id, status_id, requested_at, confirmed_at) values (28, 28, 28, '29.01.2019', '29.12.2018');
insert into friendship (user_id, friend_id, status_id, requested_at, confirmed_at) values (29, 29, 29, '25.08.2019', '24.09.2019');
insert into friendship (user_id, friend_id, status_id, requested_at, confirmed_at) values (30, 30, 30, '19.10.2019', '05.12.2019');
insert into friendship (user_id, friend_id, status_id, requested_at, confirmed_at) values (31, 31, 31, '10.08.2019', '29.08.2019');
insert into friendship (user_id, friend_id, status_id, requested_at, confirmed_at) values (32, 32, 32, '04.08.2019', '21.03.2019');
insert into friendship (user_id, friend_id, status_id, requested_at, confirmed_at) values (33, 33, 33, '07.10.2019', '20.06.2019');
insert into friendship (user_id, friend_id, status_id, requested_at, confirmed_at) values (34, 34, 34, '28.10.2019', '18.01.2019');
insert into friendship (user_id, friend_id, status_id, requested_at, confirmed_at) values (35, 35, 35, '15.09.2019', '02.03.2019');
insert into friendship (user_id, friend_id, status_id, requested_at, confirmed_at) values (36, 36, 36, '16.02.2019', '12.01.2019');
insert into friendship (user_id, friend_id, status_id, requested_at, confirmed_at) values (37, 37, 37, '06.01.2019', '25.09.2019');
insert into friendship (user_id, friend_id, status_id, requested_at, confirmed_at) values (38, 38, 38, '30.07.2019', '04.12.2019');
insert into friendship (user_id, friend_id, status_id, requested_at, confirmed_at) values (39, 39, 39, '08.04.2019', '04.03.2019');
insert into friendship (user_id, friend_id, status_id, requested_at, confirmed_at) values (40, 40, 40, '13.03.2019', '19.12.2019');
insert into friendship (user_id, friend_id, status_id, requested_at, confirmed_at) values (41, 41, 41, '29.06.2019', '17.08.2019');
insert into friendship (user_id, friend_id, status_id, requested_at, confirmed_at) values (42, 42, 42, '03.12.2019', '13.09.2019');
insert into friendship (user_id, friend_id, status_id, requested_at, confirmed_at) values (43, 43, 43, '03.02.2019', '26.06.2019');
insert into friendship (user_id, friend_id, status_id, requested_at, confirmed_at) values (44, 44, 44, '16.11.2019', '09.10.2019');
insert into friendship (user_id, friend_id, status_id, requested_at, confirmed_at) values (45, 45, 45, '20.01.2019', '21.06.2019');
insert into friendship (user_id, friend_id, status_id, requested_at, confirmed_at) values (46, 46, 46, '13.01.2019', '31.10.2019');
insert into friendship (user_id, friend_id, status_id, requested_at, confirmed_at) values (47, 47, 47, '31.03.2019', '26.06.2019');
insert into friendship (user_id, friend_id, status_id, requested_at, confirmed_at) values (48, 48, 48, '12.02.2019', '09.07.2019');
insert into friendship (user_id, friend_id, status_id, requested_at, confirmed_at) values (49, 49, 49, '27.09.2019', '26.02.2019');
insert into friendship (user_id, friend_id, status_id, requested_at, confirmed_at) values (50, 50, 50, '17.10.2019', '25.05.2019');
insert into friendship (user_id, friend_id, status_id, requested_at, confirmed_at) values (51, 51, 51, '11.04.2019', '12.01.2019');
insert into friendship (user_id, friend_id, status_id, requested_at, confirmed_at) values (52, 52, 52, '31.05.2019', '05.12.2019');
insert into friendship (user_id, friend_id, status_id, requested_at, confirmed_at) values (53, 53, 53, '05.10.2019', '29.11.2019');
insert into friendship (user_id, friend_id, status_id, requested_at, confirmed_at) values (54, 54, 54, '29.12.2018', '23.08.2019');
insert into friendship (user_id, friend_id, status_id, requested_at, confirmed_at) values (55, 55, 55, '16.02.2019', '03.11.2019');
insert into friendship (user_id, friend_id, status_id, requested_at, confirmed_at) values (56, 56, 56, '11.03.2019', '17.06.2019');
insert into friendship (user_id, friend_id, status_id, requested_at, confirmed_at) values (57, 57, 57, '19.11.2019', '23.11.2019');
insert into friendship (user_id, friend_id, status_id, requested_at, confirmed_at) values (58, 58, 58, '23.02.2019', '24.09.2019');
insert into friendship (user_id, friend_id, status_id, requested_at, confirmed_at) values (59, 59, 59, '05.09.2019', '09.11.2019');
insert into friendship (user_id, friend_id, status_id, requested_at, confirmed_at) values (60, 60, 60, '03.01.2019', '21.04.2019');
insert into friendship (user_id, friend_id, status_id, requested_at, confirmed_at) values (61, 61, 61, '16.12.2019', '01.08.2019');
insert into friendship (user_id, friend_id, status_id, requested_at, confirmed_at) values (62, 62, 62, '04.11.2019', '01.01.2019');
insert into friendship (user_id, friend_id, status_id, requested_at, confirmed_at) values (63, 63, 63, '18.03.2019', '16.11.2019');
insert into friendship (user_id, friend_id, status_id, requested_at, confirmed_at) values (64, 64, 64, '21.06.2019', '24.02.2019');
insert into friendship (user_id, friend_id, status_id, requested_at, confirmed_at) values (65, 65, 65, '07.01.2019', '24.04.2019');
insert into friendship (user_id, friend_id, status_id, requested_at, confirmed_at) values (66, 66, 66, '08.10.2019', '08.05.2019');
insert into friendship (user_id, friend_id, status_id, requested_at, confirmed_at) values (67, 67, 67, '10.12.2019', '02.12.2019');
insert into friendship (user_id, friend_id, status_id, requested_at, confirmed_at) values (68, 68, 68, '18.04.2019', '27.10.2019');
insert into friendship (user_id, friend_id, status_id, requested_at, confirmed_at) values (69, 69, 69, '01.07.2019', '16.01.2019');
insert into friendship (user_id, friend_id, status_id, requested_at, confirmed_at) values (70, 70, 70, '27.05.2019', '22.05.2019');
insert into friendship (user_id, friend_id, status_id, requested_at, confirmed_at) values (71, 71, 71, '01.07.2019', '02.08.2019');
insert into friendship (user_id, friend_id, status_id, requested_at, confirmed_at) values (72, 72, 72, '13.03.2019', '14.07.2019');
insert into friendship (user_id, friend_id, status_id, requested_at, confirmed_at) values (73, 73, 73, '16.09.2019', '18.06.2019');
insert into friendship (user_id, friend_id, status_id, requested_at, confirmed_at) values (74, 74, 74, '30.09.2019', '23.10.2019');
insert into friendship (user_id, friend_id, status_id, requested_at, confirmed_at) values (75, 75, 75, '10.10.2019', '13.07.2019');
insert into friendship (user_id, friend_id, status_id, requested_at, confirmed_at) values (76, 76, 76, '28.10.2019', '12.04.2019');
insert into friendship (user_id, friend_id, status_id, requested_at, confirmed_at) values (77, 77, 77, '31.08.2019', '09.02.2019');
insert into friendship (user_id, friend_id, status_id, requested_at, confirmed_at) values (78, 78, 78, '16.02.2019', '28.01.2019');
insert into friendship (user_id, friend_id, status_id, requested_at, confirmed_at) values (79, 79, 79, '21.12.2019', '29.03.2019');
insert into friendship (user_id, friend_id, status_id, requested_at, confirmed_at) values (80, 80, 80, '14.01.2019', '18.08.2019');
insert into friendship (user_id, friend_id, status_id, requested_at, confirmed_at) values (81, 81, 81, '28.05.2019', '11.12.2019');
insert into friendship (user_id, friend_id, status_id, requested_at, confirmed_at) values (82, 82, 82, '29.07.2019', '10.05.2019');
insert into friendship (user_id, friend_id, status_id, requested_at, confirmed_at) values (83, 83, 83, '20.06.2019', '21.05.2019');
insert into friendship (user_id, friend_id, status_id, requested_at, confirmed_at) values (84, 84, 84, '09.03.2019', '16.04.2019');
insert into friendship (user_id, friend_id, status_id, requested_at, confirmed_at) values (85, 85, 85, '30.01.2019', '18.04.2019');
insert into friendship (user_id, friend_id, status_id, requested_at, confirmed_at) values (86, 86, 86, '07.06.2019', '24.04.2019');
insert into friendship (user_id, friend_id, status_id, requested_at, confirmed_at) values (87, 87, 87, '09.12.2019', '13.08.2019');
insert into friendship (user_id, friend_id, status_id, requested_at, confirmed_at) values (88, 88, 88, '02.04.2019', '31.10.2019');
insert into friendship (user_id, friend_id, status_id, requested_at, confirmed_at) values (89, 89, 89, '01.05.2019', '13.02.2019');
insert into friendship (user_id, friend_id, status_id, requested_at, confirmed_at) values (90, 90, 90, '16.01.2019', '15.09.2019');
insert into friendship (user_id, friend_id, status_id, requested_at, confirmed_at) values (91, 91, 91, '03.06.2019', '24.04.2019');
insert into friendship (user_id, friend_id, status_id, requested_at, confirmed_at) values (92, 92, 92, '13.08.2019', '20.03.2019');
insert into friendship (user_id, friend_id, status_id, requested_at, confirmed_at) values (93, 93, 93, '03.11.2019', '12.12.2019');
insert into friendship (user_id, friend_id, status_id, requested_at, confirmed_at) values (94, 94, 94, '17.10.2019', '19.12.2019');
insert into friendship (user_id, friend_id, status_id, requested_at, confirmed_at) values (95, 95, 95, '23.11.2019', '06.01.2019');
insert into friendship (user_id, friend_id, status_id, requested_at, confirmed_at) values (96, 96, 96, '08.12.2019', '16.05.2019');
insert into friendship (user_id, friend_id, status_id, requested_at, confirmed_at) values (97, 97, 97, '25.01.2019', '17.03.2019');
insert into friendship (user_id, friend_id, status_id, requested_at, confirmed_at) values (98, 98, 98, '27.06.2019', '06.07.2019');
insert into friendship (user_id, friend_id, status_id, requested_at, confirmed_at) values (99, 99, 99, '01.01.2019', '27.12.2018');
insert into friendship (user_id, friend_id, status_id, requested_at, confirmed_at) values (100, 100, 100, '30.12.2018', '26.09.2019');

-- friendship_statuses

insert into friendship_statuses (id, name) values (1, 'requested');
insert into friendship_statuses (id, name) values (2, 'confirmed');
insert into friendship_statuses (id, name) values (3, 'rejected');

-- communities

insert ignore into communities (id, name) values (1, 'Bitwolf');
insert ignore into communities (id, name) values (2, 'Sonair');
insert ignore into communities (id, name) values (3, 'Zoolab');
insert ignore into communities (id, name) values (4, 'Span');
insert ignore into communities (id, name) values (5, 'Holdlamis');
insert ignore into communities (id, name) values (6, 'Lotstring');
insert ignore into communities (id, name) values (7, 'Namfix');
insert ignore into communities (id, name) values (8, 'Voltsillam');
insert ignore into communities (id, name) values (9, 'Konklab');
insert ignore into communities (id, name) values (10, 'Stronghold');
insert ignore into communities (id, name) values (11, 'Prodder');
insert ignore into communities (id, name) values (12, 'Greenlam');
insert ignore into communities (id, name) values (13, 'Tresom');
insert ignore into communities (id, name) values (14, 'Bamity');
insert ignore into communities (id, name) values (15, 'Cardguard');
insert ignore into communities (id, name) values (16, 'Voltsillam');
insert ignore into communities (id, name) values (17, 'Bamity');
insert ignore into communities (id, name) values (18, 'Wrapsafe');
insert ignore into communities (id, name) values (19, 'Opela');
insert ignore into communities (id, name) values (20, 'Pannier');
insert ignore into communities (id, name) values (21, 'Tin');
insert ignore into communities (id, name) values (22, 'Sub-Ex');
insert ignore into communities (id, name) values (23, 'Sonair');
insert ignore into communities (id, name) values (24, 'Overhold');
insert ignore into communities (id, name) values (25, 'Vagram');
insert ignore into communities (id, name) values (26, 'Zontrax');
insert ignore into communities (id, name) values (27, 'Lotlux');
insert ignore into communities (id, name) values (28, 'Latlux');
insert ignore into communities (id, name) values (29, 'Kanlam');
insert ignore into communities (id, name) values (30, 'Gembucket');
insert ignore into communities (id, name) values (31, 'Wrapsafe');
insert ignore into communities (id, name) values (32, 'Home Ing');
insert ignore into communities (id, name) values (33, 'Solarbreeze');
insert ignore into communities (id, name) values (34, 'Zoolab');
insert ignore into communities (id, name) values (35, 'Aerified');
insert ignore into communities (id, name) values (36, 'It');
insert ignore into communities (id, name) values (37, 'Cardify');
insert ignore into communities (id, name) values (38, 'Sonair');
insert ignore into communities (id, name) values (39, 'Bigtax');
insert ignore into communities (id, name) values (40, 'Namfix');
insert ignore into communities (id, name) values (41, 'Zoolab');
insert ignore into communities (id, name) values (42, 'Pannier');
insert ignore into communities (id, name) values (43, 'Cardguard');
insert ignore into communities (id, name) values (44, 'Subin');
insert ignore into communities (id, name) values (45, 'Home Ing');
insert ignore into communities (id, name) values (46, 'Rank');
insert ignore into communities (id, name) values (47, 'Bamity');
insert ignore into communities (id, name) values (48, 'Voltsillam');
insert ignore into communities (id, name) values (49, 'Alpha');
insert ignore into communities (id, name) values (50, 'Biodex');
insert ignore into communities (id, name) values (51, 'Vagram');
insert ignore into communities (id, name) values (52, 'Bytecard');
insert ignore into communities (id, name) values (53, 'Alpha');
insert ignore into communities (id, name) values (54, 'It');
insert ignore into communities (id, name) values (55, 'Treeflex');
insert ignore into communities (id, name) values (56, 'Tin');
insert ignore into communities (id, name) values (57, 'Bytecard');
insert ignore into communities (id, name) values (58, 'It');
insert ignore into communities (id, name) values (59, 'Tres-Zap');
insert ignore into communities (id, name) values (60, 'Zoolab');
insert ignore into communities (id, name) values (61, 'Stronghold');
insert ignore into communities (id, name) values (62, 'Domainer');
insert ignore into communities (id, name) values (63, 'Konklux');
insert ignore into communities (id, name) values (64, 'Latlux');
insert ignore into communities (id, name) values (65, 'Holdlamis');
insert ignore into communities (id, name) values (66, 'Voltsillam');
insert ignore into communities (id, name) values (67, 'Zaam-Dox');
insert ignore into communities (id, name) values (68, 'Zathin');
insert ignore into communities (id, name) values (69, 'Daltfresh');
insert ignore into communities (id, name) values (70, 'Otcom');
insert ignore into communities (id, name) values (71, 'Voyatouch');
insert ignore into communities (id, name) values (72, 'Gembucket');
insert ignore into communities (id, name) values (73, 'Ventosanzap');
insert ignore into communities (id, name) values (74, 'Latlux');
insert ignore into communities (id, name) values (75, 'Quo Lux');
insert ignore into communities (id, name) values (76, 'Kanlam');
insert ignore into communities (id, name) values (77, 'Overhold');
insert ignore into communities (id, name) values (78, 'Pannier');
insert ignore into communities (id, name) values (79, 'Zaam-Dox');
insert ignore into communities (id, name) values (80, 'Cardguard');
insert ignore into communities (id, name) values (81, 'Rank');
insert ignore into communities (id, name) values (82, 'Gembucket');
insert ignore into communities (id, name) values (83, 'Opela');
insert ignore into communities (id, name) values (84, 'Ventosanzap');
insert ignore into communities (id, name) values (85, 'Y-Solowarm');
insert ignore into communities (id, name) values (86, 'Konklab');
insert ignore into communities (id, name) values (87, 'Alphazap');
insert ignore into communities (id, name) values (88, 'Home Ing');
insert ignore into communities (id, name) values (89, 'Daltfresh');
insert ignore into communities (id, name) values (90, 'Quo Lux');
insert ignore into communities (id, name) values (91, 'Zathin');
insert ignore into communities (id, name) values (92, 'Pannier');
insert ignore into communities (id, name) values (93, 'Namfix');
insert ignore into communities (id, name) values (94, 'Treeflex');
insert ignore into communities (id, name) values (95, 'Otcom');
insert ignore into communities (id, name) values (96, 'Home Ing');
insert ignore into communities (id, name) values (97, 'Fix San');
insert ignore into communities (id, name) values (98, 'Zathin');
insert ignore into communities (id, name) values (99, 'Trippledex');
insert ignore into communities (id, name) values (100, 'Tresom');

-- communities_users

insert into communities_users (community_id, user_id) values (1, 1);
insert into communities_users (community_id, user_id) values (2, 2);
insert into communities_users (community_id, user_id) values (3, 3);
insert into communities_users (community_id, user_id) values (4, 4);
insert into communities_users (community_id, user_id) values (5, 5);
insert into communities_users (community_id, user_id) values (6, 6);
insert into communities_users (community_id, user_id) values (7, 7);
insert into communities_users (community_id, user_id) values (8, 8);
insert into communities_users (community_id, user_id) values (9, 9);
insert into communities_users (community_id, user_id) values (10, 10);
insert into communities_users (community_id, user_id) values (11, 11);
insert into communities_users (community_id, user_id) values (12, 12);
insert into communities_users (community_id, user_id) values (13, 13);
insert into communities_users (community_id, user_id) values (14, 14);
insert into communities_users (community_id, user_id) values (15, 15);
insert into communities_users (community_id, user_id) values (16, 16);
insert into communities_users (community_id, user_id) values (17, 17);
insert into communities_users (community_id, user_id) values (18, 18);
insert into communities_users (community_id, user_id) values (19, 19);
insert into communities_users (community_id, user_id) values (20, 20);
insert into communities_users (community_id, user_id) values (21, 21);
insert into communities_users (community_id, user_id) values (22, 22);
insert into communities_users (community_id, user_id) values (23, 23);
insert into communities_users (community_id, user_id) values (24, 24);
insert into communities_users (community_id, user_id) values (25, 25);
insert into communities_users (community_id, user_id) values (26, 26);
insert into communities_users (community_id, user_id) values (27, 27);
insert into communities_users (community_id, user_id) values (28, 28);
insert into communities_users (community_id, user_id) values (29, 29);
insert into communities_users (community_id, user_id) values (30, 30);
insert into communities_users (community_id, user_id) values (31, 31);
insert into communities_users (community_id, user_id) values (32, 32);
insert into communities_users (community_id, user_id) values (33, 33);
insert into communities_users (community_id, user_id) values (34, 34);
insert into communities_users (community_id, user_id) values (35, 35);
insert into communities_users (community_id, user_id) values (36, 36);
insert into communities_users (community_id, user_id) values (37, 37);
insert into communities_users (community_id, user_id) values (38, 38);
insert into communities_users (community_id, user_id) values (39, 39);
insert into communities_users (community_id, user_id) values (40, 40);
insert into communities_users (community_id, user_id) values (41, 41);
insert into communities_users (community_id, user_id) values (42, 42);
insert into communities_users (community_id, user_id) values (43, 43);
insert into communities_users (community_id, user_id) values (44, 44);
insert into communities_users (community_id, user_id) values (45, 45);
insert into communities_users (community_id, user_id) values (46, 46);
insert into communities_users (community_id, user_id) values (47, 47);
insert into communities_users (community_id, user_id) values (48, 48);
insert into communities_users (community_id, user_id) values (49, 49);
insert into communities_users (community_id, user_id) values (50, 50);
insert into communities_users (community_id, user_id) values (51, 51);
insert into communities_users (community_id, user_id) values (52, 52);
insert into communities_users (community_id, user_id) values (53, 53);
insert into communities_users (community_id, user_id) values (54, 54);
insert into communities_users (community_id, user_id) values (55, 55);
insert into communities_users (community_id, user_id) values (56, 56);
insert into communities_users (community_id, user_id) values (57, 57);
insert into communities_users (community_id, user_id) values (58, 58);
insert into communities_users (community_id, user_id) values (59, 59);
insert into communities_users (community_id, user_id) values (60, 60);
insert into communities_users (community_id, user_id) values (61, 61);
insert into communities_users (community_id, user_id) values (62, 62);
insert into communities_users (community_id, user_id) values (63, 63);
insert into communities_users (community_id, user_id) values (64, 64);
insert into communities_users (community_id, user_id) values (65, 65);
insert into communities_users (community_id, user_id) values (66, 66);
insert into communities_users (community_id, user_id) values (67, 67);
insert into communities_users (community_id, user_id) values (68, 68);
insert into communities_users (community_id, user_id) values (69, 69);
insert into communities_users (community_id, user_id) values (70, 70);
insert into communities_users (community_id, user_id) values (71, 71);
insert into communities_users (community_id, user_id) values (72, 72);
insert into communities_users (community_id, user_id) values (73, 73);
insert into communities_users (community_id, user_id) values (74, 74);
insert into communities_users (community_id, user_id) values (75, 75);
insert into communities_users (community_id, user_id) values (76, 76);
insert into communities_users (community_id, user_id) values (77, 77);
insert into communities_users (community_id, user_id) values (78, 78);
insert into communities_users (community_id, user_id) values (79, 79);
insert into communities_users (community_id, user_id) values (80, 80);
insert into communities_users (community_id, user_id) values (81, 81);
insert into communities_users (community_id, user_id) values (82, 82);
insert into communities_users (community_id, user_id) values (83, 83);
insert into communities_users (community_id, user_id) values (84, 84);
insert into communities_users (community_id, user_id) values (85, 85);
insert into communities_users (community_id, user_id) values (86, 86);
insert into communities_users (community_id, user_id) values (87, 87);
insert into communities_users (community_id, user_id) values (88, 88);
insert into communities_users (community_id, user_id) values (89, 89);
insert into communities_users (community_id, user_id) values (90, 90);
insert into communities_users (community_id, user_id) values (91, 91);
insert into communities_users (community_id, user_id) values (92, 92);
insert into communities_users (community_id, user_id) values (93, 93);
insert into communities_users (community_id, user_id) values (94, 94);
insert into communities_users (community_id, user_id) values (95, 95);
insert into communities_users (community_id, user_id) values (96, 96);
insert into communities_users (community_id, user_id) values (97, 97);
insert into communities_users (community_id, user_id) values (98, 98);
insert into communities_users (community_id, user_id) values (99, 99);
insert into communities_users (community_id, user_id) values (100, 100);

-- media 
insert into media (id, media_type_id, user_id, filename, size, metadata, created_at, updated_at) values (1, 1, 1, 'Vestibulum.stl', 96, '[{},{}]', '12.02.2019', '08.10.2019');
insert into media (id, media_type_id, user_id, filename, size, metadata, created_at, updated_at) values (2, 2, 2, 'DuisMattis.xll', 51, '[{},{}]', '11.09.2019', '13.06.2019');
insert into media (id, media_type_id, user_id, filename, size, metadata, created_at, updated_at) values (3, 3, 3, 'MaurisViverra.mid', 17, '[{}]', '22.11.2019', '14.08.2019');
insert into media (id, media_type_id, user_id, filename, size, metadata, created_at, updated_at) values (4, 4, 4, 'LuctusEt.wmf', 9, '[{},{}]', '03.01.2019', '13.11.2019');
insert into media (id, media_type_id, user_id, filename, size, metadata, created_at, updated_at) values (5, 5, 5, 'Lectus.class', 11, '[{},{}]', '04.03.2019', '15.06.2019');
insert into media (id, media_type_id, user_id, filename, size, metadata, created_at, updated_at) values (6, 6, 6, 'SociisNatoque.pm4', 83, '[{}]', '29.08.2019', '17.06.2019');
insert into media (id, media_type_id, user_id, filename, size, metadata, created_at, updated_at) values (7, 7, 7, 'Cras.talk', 25, '[{},{}]', '13.10.2019', '30.01.2019');
insert into media (id, media_type_id, user_id, filename, size, metadata, created_at, updated_at) values (8, 8, 8, 'IdNullaUltrices.nap', 100, '[{}]', '09.05.2019', '16.05.2019');
insert into media (id, media_type_id, user_id, filename, size, metadata, created_at, updated_at) values (9, 9, 9, 'UtMauris.mpv', 88, '[{},{}]', '04.04.2019', '27.08.2019');
insert into media (id, media_type_id, user_id, filename, size, metadata, created_at, updated_at) values (10, 10, 10, 'PrimisIn.naplps', 27, '[{}]', '29.12.2018', '26.12.2019');
insert into media (id, media_type_id, user_id, filename, size, metadata, created_at, updated_at) values (11, 11, 11, 'VelAugueVestibulum.skm', 16, '[{}]', '15.10.2019', '05.06.2019');
insert into media (id, media_type_id, user_id, filename, size, metadata, created_at, updated_at) values (12, 12, 12, 'In.aip', 41, '[{}]', '30.09.2019', '03.03.2019');
insert into media (id, media_type_id, user_id, filename, size, metadata, created_at, updated_at) values (13, 13, 13, 'Molestie.lha', 74, '[{},{}]', '05.11.2019', '28.07.2019');
insert into media (id, media_type_id, user_id, filename, size, metadata, created_at, updated_at) values (14, 14, 14, 'Auctor.vrt', 53, '[{},{}]', '13.02.2019', '02.04.2019');
insert into media (id, media_type_id, user_id, filename, size, metadata, created_at, updated_at) values (15, 15, 15, 'ImperdietSapienUrna.jam', 2, '[{},{}]', '07.01.2019', '03.06.2019');
insert into media (id, media_type_id, user_id, filename, size, metadata, created_at, updated_at) values (16, 16, 16, 'JustoSollicitudinUt.tcl', 74, '[{}]', '08.04.2019', '09.12.2019');
insert into media (id, media_type_id, user_id, filename, size, metadata, created_at, updated_at) values (17, 17, 17, 'TortorRisus.ppt', 16, '[{}]', '11.03.2019', '04.05.2019');
insert into media (id, media_type_id, user_id, filename, size, metadata, created_at, updated_at) values (18, 18, 18, 'Cursus.mbd', 24, '[{}]', '29.08.2019', '04.02.2019');
insert into media (id, media_type_id, user_id, filename, size, metadata, created_at, updated_at) values (19, 19, 19, 'Habitasse.inf', 61, '[{},{}]', '01.07.2019', '12.01.2019');
insert into media (id, media_type_id, user_id, filename, size, metadata, created_at, updated_at) values (20, 20, 20, 'EratFermentumJusto.lha', 89, '[{}]', '02.11.2019', '03.12.2019');
insert into media (id, media_type_id, user_id, filename, size, metadata, created_at, updated_at) values (21, 21, 21, 'IdLuctusNec.for', 38, '[{},{}]', '04.10.2019', '12.02.2019');
insert into media (id, media_type_id, user_id, filename, size, metadata, created_at, updated_at) values (22, 22, 22, 'PorttitorIdConsequat.ppt', 74, '[{},{}]', '21.05.2019', '04.04.2019');
insert into media (id, media_type_id, user_id, filename, size, metadata, created_at, updated_at) values (23, 23, 23, 'Risus.mod', 10, '[{},{}]', '21.10.2019', '27.09.2019');
insert into media (id, media_type_id, user_id, filename, size, metadata, created_at, updated_at) values (24, 24, 24, 'NatoquePenatibus.p', 87, '[{}]', '18.01.2019', '18.04.2019');
insert into media (id, media_type_id, user_id, filename, size, metadata, created_at, updated_at) values (25, 25, 25, 'DiamVitaeQuam.rast', 37, '[{}]', '08.05.2019', '22.07.2019');
insert into media (id, media_type_id, user_id, filename, size, metadata, created_at, updated_at) values (26, 26, 26, 'UltricesErat.help', 24, '[{},{}]', '27.05.2019', '10.01.2019');
insert into media (id, media_type_id, user_id, filename, size, metadata, created_at, updated_at) values (27, 27, 27, 'Mauris.zip', 7, '[{},{}]', '23.02.2019', '09.12.2019');
insert into media (id, media_type_id, user_id, filename, size, metadata, created_at, updated_at) values (28, 28, 28, 'LeoPellentesque.elc', 97, '[{}]', '14.08.2019', '17.08.2019');
insert into media (id, media_type_id, user_id, filename, size, metadata, created_at, updated_at) values (29, 29, 29, 'Et.shar', 71, '[{},{}]', '12.01.2019', '02.02.2019');
insert into media (id, media_type_id, user_id, filename, size, metadata, created_at, updated_at) values (30, 30, 30, 'EnimLeoRhoncus.mid', 58, '[{}]', '06.11.2019', '14.08.2019');
insert into media (id, media_type_id, user_id, filename, size, metadata, created_at, updated_at) values (31, 31, 31, 'QuisqueArcuLibero.xmz', 96, '[{},{}]', '03.09.2019', '16.08.2019');
insert into media (id, media_type_id, user_id, filename, size, metadata, created_at, updated_at) values (32, 32, 32, 'MalesuadaIn.midi', 19, '[{},{}]', '31.07.2019', '06.01.2019');
insert into media (id, media_type_id, user_id, filename, size, metadata, created_at, updated_at) values (33, 33, 33, 'Eleifend.sid', 26, '[{},{}]', '25.10.2019', '10.06.2019');
insert into media (id, media_type_id, user_id, filename, size, metadata, created_at, updated_at) values (34, 34, 34, 'Etiam.pcl', 51, '[{},{}]', '10.01.2019', '08.03.2019');
insert into media (id, media_type_id, user_id, filename, size, metadata, created_at, updated_at) values (35, 35, 35, 'VivamusTortorDuis.cpt', 100, '[{}]', '10.06.2019', '10.06.2019');
insert into media (id, media_type_id, user_id, filename, size, metadata, created_at, updated_at) values (36, 36, 36, 'QuamFringilla.bin', 24, '[{}]', '05.10.2019', '16.01.2019');
insert into media (id, media_type_id, user_id, filename, size, metadata, created_at, updated_at) values (37, 37, 37, 'SedAccumsanFelis.xlk', 38, '[{},{}]', '08.06.2019', '08.03.2019');
insert into media (id, media_type_id, user_id, filename, size, metadata, created_at, updated_at) values (38, 38, 38, 'TellusNullaUt.mp3', 54, '[{},{}]', '17.09.2019', '31.03.2019');
insert into media (id, media_type_id, user_id, filename, size, metadata, created_at, updated_at) values (39, 39, 39, 'AcTellus.man', 46, '[{}]', '02.08.2019', '10.03.2019');
insert into media (id, media_type_id, user_id, filename, size, metadata, created_at, updated_at) values (40, 40, 40, 'InterdumMauris.wb1', 79, '[{}]', '09.08.2019', '09.11.2019');
insert into media (id, media_type_id, user_id, filename, size, metadata, created_at, updated_at) values (41, 41, 41, 'SapienVarius.pwz', 31, '[{}]', '22.08.2019', '21.02.2019');
insert into media (id, media_type_id, user_id, filename, size, metadata, created_at, updated_at) values (42, 42, 42, 'Tellus.mjpg', 70, '[{},{}]', '12.04.2019', '01.03.2019');
insert into media (id, media_type_id, user_id, filename, size, metadata, created_at, updated_at) values (43, 43, 43, 'Arcu.bin', 77, '[{}]', '01.01.2019', '05.02.2019');
insert into media (id, media_type_id, user_id, filename, size, metadata, created_at, updated_at) values (44, 44, 44, 'Pede.avi', 100, '[{}]', '08.10.2019', '30.01.2019');
insert into media (id, media_type_id, user_id, filename, size, metadata, created_at, updated_at) values (45, 45, 45, 'QuisOdioConsequat.asx', 69, '[{},{}]', '17.10.2019', '27.02.2019');
insert into media (id, media_type_id, user_id, filename, size, metadata, created_at, updated_at) values (46, 46, 46, 'At.f90', 21, '[{},{}]', '17.11.2019', '04.12.2019');
insert into media (id, media_type_id, user_id, filename, size, metadata, created_at, updated_at) values (47, 47, 47, 'HacHabitassePlatea.for', 93, '[{}]', '14.05.2019', '27.06.2019');
insert into media (id, media_type_id, user_id, filename, size, metadata, created_at, updated_at) values (48, 48, 48, 'Varius.wrl', 91, '[{},{}]', '15.06.2019', '29.05.2019');
insert into media (id, media_type_id, user_id, filename, size, metadata, created_at, updated_at) values (49, 49, 49, 'Id.xls', 35, '[{}]', '26.10.2019', '24.03.2019');
insert into media (id, media_type_id, user_id, filename, size, metadata, created_at, updated_at) values (50, 50, 50, 'ConvallisNulla.dv', 73, '[{}]', '25.10.2019', '27.02.2019');
insert into media (id, media_type_id, user_id, filename, size, metadata, created_at, updated_at) values (51, 51, 51, 'Pede.ani', 1, '[{}]', '29.03.2019', '14.10.2019');
insert into media (id, media_type_id, user_id, filename, size, metadata, created_at, updated_at) values (52, 52, 52, 'EtiamPretiumIaculis.vsd', 97, '[{},{}]', '11.08.2019', '14.10.2019');
insert into media (id, media_type_id, user_id, filename, size, metadata, created_at, updated_at) values (53, 53, 53, 'NamUltricesLibero.rgb', 97, '[{},{}]', '17.02.2019', '13.11.2019');
insert into media (id, media_type_id, user_id, filename, size, metadata, created_at, updated_at) values (54, 54, 54, 'OdioJusto.fli', 14, '[{},{}]', '26.08.2019', '14.10.2019');
insert into media (id, media_type_id, user_id, filename, size, metadata, created_at, updated_at) values (55, 55, 55, 'At.crt', 81, '[{},{}]', '03.10.2019', '06.12.2019');
insert into media (id, media_type_id, user_id, filename, size, metadata, created_at, updated_at) values (56, 56, 56, 'Pretium.text', 48, '[{},{}]', '25.02.2019', '04.11.2019');
insert into media (id, media_type_id, user_id, filename, size, metadata, created_at, updated_at) values (57, 57, 57, 'Molestie.jfif-tbnl', 44, '[{}]', '10.02.2019', '18.07.2019');
insert into media (id, media_type_id, user_id, filename, size, metadata, created_at, updated_at) values (58, 58, 58, 'Non.xif', 1, '[{},{}]', '07.12.2019', '26.08.2019');
insert into media (id, media_type_id, user_id, filename, size, metadata, created_at, updated_at) values (59, 59, 59, 'PhasellusInFelis.cdf', 57, '[{},{}]', '18.12.2019', '28.09.2019');
insert into media (id, media_type_id, user_id, filename, size, metadata, created_at, updated_at) values (60, 60, 60, 'Consequat.jam', 82, '[{}]', '30.03.2019', '02.01.2019');
insert into media (id, media_type_id, user_id, filename, size, metadata, created_at, updated_at) values (61, 61, 61, 'Purus.niff', 65, '[{},{}]', '29.05.2019', '23.03.2019');
insert into media (id, media_type_id, user_id, filename, size, metadata, created_at, updated_at) values (62, 62, 62, 'Cubilia.f77', 53, '[{},{}]', '05.02.2019', '14.03.2019');
insert into media (id, media_type_id, user_id, filename, size, metadata, created_at, updated_at) values (63, 63, 63, 'Metus.class', 82, '[{},{}]', '01.04.2019', '19.01.2019');
insert into media (id, media_type_id, user_id, filename, size, metadata, created_at, updated_at) values (64, 64, 64, 'Suscipit.ras', 13, '[{},{}]', '05.09.2019', '12.02.2019');
insert into media (id, media_type_id, user_id, filename, size, metadata, created_at, updated_at) values (65, 65, 65, 'NonLectusAliquam.sea', 79, '[{}]', '17.08.2019', '28.01.2019');
insert into media (id, media_type_id, user_id, filename, size, metadata, created_at, updated_at) values (66, 66, 66, 'SuspendissePotentiCras.midi', 88, '[{}]', '08.11.2019', '29.03.2019');
insert into media (id, media_type_id, user_id, filename, size, metadata, created_at, updated_at) values (67, 67, 67, 'PotentiNullam.fif', 73, '[{}]', '31.03.2019', '02.11.2019');
insert into media (id, media_type_id, user_id, filename, size, metadata, created_at, updated_at) values (68, 68, 68, 'Metus.art', 86, '[{},{}]', '23.02.2019', '28.06.2019');
insert into media (id, media_type_id, user_id, filename, size, metadata, created_at, updated_at) values (69, 69, 69, 'IdLuctusNec.zsh', 28, '[{},{}]', '12.06.2019', '11.04.2019');
insert into media (id, media_type_id, user_id, filename, size, metadata, created_at, updated_at) values (70, 70, 70, 'Tincidunt.dot', 100, '[{},{}]', '08.04.2019', '28.10.2019');
insert into media (id, media_type_id, user_id, filename, size, metadata, created_at, updated_at) values (71, 71, 71, 'EnimBlanditMi.svr', 49, '[{}]', '04.10.2019', '10.11.2019');
insert into media (id, media_type_id, user_id, filename, size, metadata, created_at, updated_at) values (72, 72, 72, 'Erat.mime', 29, '[{}]', '29.04.2019', '31.03.2019');
insert into media (id, media_type_id, user_id, filename, size, metadata, created_at, updated_at) values (73, 73, 73, 'SedSagittis.tex', 58, '[{},{}]', '26.04.2019', '06.06.2019');
insert into media (id, media_type_id, user_id, filename, size, metadata, created_at, updated_at) values (74, 74, 74, 'ElementumLigulaVehicula.igs', 14, '[{}]', '19.05.2019', '10.03.2019');
insert into media (id, media_type_id, user_id, filename, size, metadata, created_at, updated_at) values (75, 75, 75, 'Sagittis.xlt', 65, '[{}]', '26.08.2019', '26.08.2019');
insert into media (id, media_type_id, user_id, filename, size, metadata, created_at, updated_at) values (76, 76, 76, 'Cras.snd', 19, '[{}]', '26.09.2019', '15.06.2019');
insert into media (id, media_type_id, user_id, filename, size, metadata, created_at, updated_at) values (77, 77, 77, 'SitAmet.xm', 74, '[{}]', '28.12.2018', '13.01.2019');
insert into media (id, media_type_id, user_id, filename, size, metadata, created_at, updated_at) values (78, 78, 78, 'At.mid', 7, '[{},{}]', '03.02.2019', '23.04.2019');
insert into media (id, media_type_id, user_id, filename, size, metadata, created_at, updated_at) values (79, 79, 79, 'Dui.mp3', 63, '[{}]', '25.06.2019', '03.03.2019');
insert into media (id, media_type_id, user_id, filename, size, metadata, created_at, updated_at) values (80, 80, 80, 'QuisOdioConsequat.rtf', 65, '[{},{}]', '02.06.2019', '21.04.2019');
insert into media (id, media_type_id, user_id, filename, size, metadata, created_at, updated_at) values (81, 81, 81, 'HacHabitassePlatea.gsm', 20, '[{}]', '18.08.2019', '22.07.2019');
insert into media (id, media_type_id, user_id, filename, size, metadata, created_at, updated_at) values (82, 82, 82, 'VelLectus.iges', 12, '[{},{}]', '18.02.2019', '05.09.2019');
insert into media (id, media_type_id, user_id, filename, size, metadata, created_at, updated_at) values (83, 83, 83, 'Pellentesque.pdb', 64, '[{}]', '13.07.2019', '27.08.2019');
insert into media (id, media_type_id, user_id, filename, size, metadata, created_at, updated_at) values (84, 84, 84, 'Faucibus.evy', 75, '[{},{}]', '07.09.2019', '05.12.2019');
insert into media (id, media_type_id, user_id, filename, size, metadata, created_at, updated_at) values (85, 85, 85, 'AtIpsum.xpm', 83, '[{}]', '12.02.2019', '07.11.2019');
insert into media (id, media_type_id, user_id, filename, size, metadata, created_at, updated_at) values (86, 86, 86, 'MagnaAc.tif', 50, '[{},{}]', '08.02.2019', '27.08.2019');
insert into media (id, media_type_id, user_id, filename, size, metadata, created_at, updated_at) values (87, 87, 87, 'DuisConsequat.xll', 4, '[{},{}]', '06.07.2019', '20.11.2019');
insert into media (id, media_type_id, user_id, filename, size, metadata, created_at, updated_at) values (88, 88, 88, 'Posuere.mm', 60, '[{},{}]', '05.04.2019', '29.05.2019');
insert into media (id, media_type_id, user_id, filename, size, metadata, created_at, updated_at) values (89, 89, 89, 'EratNulla.xm', 26, '[{}]', '26.10.2019', '26.03.2019');
insert into media (id, media_type_id, user_id, filename, size, metadata, created_at, updated_at) values (90, 90, 90, 'Mauris.zsh', 19, '[{},{}]', '04.01.2019', '13.11.2019');
insert into media (id, media_type_id, user_id, filename, size, metadata, created_at, updated_at) values (91, 91, 91, 'SagittisSapienCum.wiz', 78, '[{},{}]', '08.05.2019', '10.12.2019');
insert into media (id, media_type_id, user_id, filename, size, metadata, created_at, updated_at) values (92, 92, 92, 'SedAccumsan.sdp', 35, '[{}]', '20.07.2019', '28.06.2019');
insert into media (id, media_type_id, user_id, filename, size, metadata, created_at, updated_at) values (93, 93, 93, 'Ut.sv4crc', 62, '[{},{}]', '30.12.2018', '18.01.2019');
insert into media (id, media_type_id, user_id, filename, size, metadata, created_at, updated_at) values (94, 94, 94, 'SedAnte.mcd', 49, '[{}]', '16.04.2019', '07.02.2019');
insert into media (id, media_type_id, user_id, filename, size, metadata, created_at, updated_at) values (95, 95, 95, 'OrciLuctus.spc', 1, '[{}]', '13.02.2019', '11.05.2019');
insert into media (id, media_type_id, user_id, filename, size, metadata, created_at, updated_at) values (96, 96, 96, 'Fermentum.rgb', 78, '[{},{}]', '28.03.2019', '28.12.2018');
insert into media (id, media_type_id, user_id, filename, size, metadata, created_at, updated_at) values (97, 97, 97, 'LiberoUtMassa.vrt', 93, '[{}]', '15.07.2019', '19.03.2019');
insert into media (id, media_type_id, user_id, filename, size, metadata, created_at, updated_at) values (98, 98, 98, 'OrciPedeVenenatis.prt', 52, '[{}]', '13.02.2019', '23.01.2019');
insert into media (id, media_type_id, user_id, filename, size, metadata, created_at, updated_at) values (99, 99, 99, 'Mauris.elc', 31, '[{}]', '23.09.2019', '10.05.2019');
insert into media (id, media_type_id, user_id, filename, size, metadata, created_at, updated_at) values (100, 100, 100, 'Donec.sol', 13, '[{},{}]', '28.12.2018', '16.04.2019');

-- media types

insert into media_types (id, name) values (1, 'audio');
insert into media_types (id, name) values (2, 'video');
insert into media_types (id, name) values (3, 'photo');

